ANO,DISTRITO,CONCELHO,NCCO
2013,Aveiro,Albergaria-a-Velha,99
2013,Aveiro,Anadia,41
2013,Aveiro,Arouca,128
2013,Aveiro,Aveiro,88
2013,Aveiro,Castelo de Paiva,74
2013,Aveiro,Espinho,60
2013,Aveiro,Estarreja,38
2013,Aveiro,Mealhada,31
2013,Aveiro,Murtosa,10
2013,Aveiro,Oliveira de Azeméis,92
2013,Aveiro,Oliveira do Bairro,43
2013,Aveiro,Ovar,63
2013,Aveiro,Santa Maria da Feira,239
2013,Aveiro,Sever do Vouga,118
2013,Aveiro,São João da Madeira,5
2013,Aveiro,Vagos,39
2013,Aveiro,Vale de Cambra,190
2013,Aveiro,Águeda,224
2013,Aveiro,Ílhavo,33
2013,Beja,Aljustrel,30
2013,Beja,Almodôvar,14
2013,Beja,Barrancos,2
2013,Beja,Beja,119
2013,Beja,Castro Verde,20
2013,Beja,Cuba,3
2013,Beja,Ferreira do Alentejo,19
2013,Beja,Moura,60
2013,Beja,Mértola,15
2013,Beja,Odemira,52
2013,Beja,Ourique,14
2013,Beja,Serpa,27
2013,Beja,Vidigueira,31
2013,Braga,Amares,58
2013,Braga,Barcelos,196
2013,Braga,Braga,184
2013,Braga,Cabeceiras de Basto,139
2013,Braga,Celorico de Basto,282
2013,Braga,Esposende,24
2013,Braga,Fafe,250
2013,Braga,Guimarães,272
2013,Braga,Póvoa de Lanhoso,187
2013,Braga,Terras de Bouro,67
2013,Braga,Vieira do Minho,121
2013,Braga,Vila Nova de Famalicão,235
2013,Braga,Vila Verde,247
2013,Braga,Vizela,37
2013,Bragança,Alfândega da Fé,25
2013,Bragança,Bragança,74
2013,Bragança,Carrazeda de Ansiães,44
2013,Bragança,Freixo de Espada à Cinta,29
2013,Bragança,Macedo de Cavaleiros,60
2013,Bragança,Miranda do Douro,22
2013,Bragança,Mirandela,80
2013,Bragança,Mogadouro,26
2013,Bragança,Torre de Moncorvo,42
2013,Bragança,Vila Flor,28
2013,Bragança,Vimioso,19
2013,Bragança,Vinhais,56
2013,Castelo Branco,Belmonte,18
2013,Castelo Branco,Castelo Branco,70
2013,Castelo Branco,Covilhã,93
2013,Castelo Branco,Fundão,112
2013,Castelo Branco,Idanha-a-Nova,53
2013,Castelo Branco,Oleiros,7
2013,Castelo Branco,Penamacor,23
2013,Castelo Branco,Proença-a-Nova,18
2013,Castelo Branco,Sertã,51
2013,Castelo Branco,Vila de Rei,6
2013,Castelo Branco,Vila Velha de Ródão,20
2013,Coimbra,Arganil,57
2013,Coimbra,Cantanhede,69
2013,Coimbra,Coimbra,88
2013,Coimbra,Condeixa-a-Nova,22
2013,Coimbra,Figueira da Foz,89
2013,Coimbra,Góis,18
2013,Coimbra,Lousã,25
2013,Coimbra,Mira,36
2013,Coimbra,Miranda do Corvo,43
2013,Coimbra,Montemor-o-Velho,56
2013,Coimbra,Oliveira do Hospital,81
2013,Coimbra,Pampilhosa da Serra,28
2013,Coimbra,Penacova,115
2013,Coimbra,Penela,24
2013,Coimbra,Soure,32
2013,Coimbra,Tábua,46
2013,Coimbra,Vila Nova de Poiares,28
2013,Faro,Albufeira,40
2013,Faro,Alcoutim,11
2013,Faro,Aljezur,7
2013,Faro,Castro Marim,11
2013,Faro,Faro,32
2013,Faro,lagoa,25
2013,Faro,Lagos,24
2013,Faro,Loulé,76
2013,Faro,Monchique,9
2013,Faro,Olhão,33
2013,Faro,Portimão,33
2013,Faro,Silves,78
2013,Faro,São Brás de Alportel,11
2013,Faro,Tavira,42
2013,Faro,Vila do Bispo,13
2013,Faro,Vila Real de Santo António,8
2013,Guarda,Aguiar da Beira,24
2013,Guarda,Almeida,20
2013,Guarda,Celorico da Beira,24
2013,Guarda,Figueira de Castelo Rodrigo,57
2013,Guarda,Fornos de Algodres,17
2013,Guarda,Gouveia,67
2013,Guarda,Guarda,47
2013,Guarda,Manteigas,1
2013,Guarda,mêda,54
2013,Guarda,Pinhel,48
2013,Guarda,Sabugal,44
2013,Guarda,Seia,60
2013,Guarda,Trancoso,61
2013,Guarda,Vila Nova de Foz Côa,52
2013,Leiria,Alcobaça,92
2013,Leiria,Alvaiázere,20
2013,Leiria,Ansião,16
2013,Leiria,Batalha,10
2013,Leiria,Bombarral,32
2013,Leiria,Caldas da Rainha,76
2013,Leiria,Castanheira de Pêra,13
2013,Leiria,Figueiró dos Vinhos,20
2013,Leiria,Leiria,135
2013,Leiria,Marinha Grande,34
2013,Leiria,Nazaré,14
2013,Leiria,Pedrógão Grande,29
2013,Leiria,Peniche,51
2013,Leiria,Pombal,87
2013,Leiria,Porto de Mós,50
2013,Leiria,Óbidos,38
2013,Lisboa,Alenquer,117
2013,Lisboa,Amadora,64
2013,Lisboa,Arruda dos Vinhos,67
2013,Lisboa,Azambuja,93
2013,Lisboa,Cadaval,41
2013,Lisboa,Cascais,73
2013,Lisboa,Lisboa,125
2013,Lisboa,Loures,135
2013,Lisboa,Lourinhã,59
2013,Lisboa,Mafra,118
2013,Lisboa,Odivelas,157
2013,Lisboa,Oeiras,76
2013,Lisboa,Sintra,279
2013,Lisboa,Sobral de Monte Agraço,41
2013,Lisboa,Torres Vedras,200
2013,Lisboa,Vila Franca de Xira,81
2013,Portalegre,Alter do Chão,9
2013,Portalegre,Arronches,8
2013,Portalegre,Avis,12
2013,Portalegre,Campo Maior,31
2013,Portalegre,Castelo de Vide,6
2013,Portalegre,Crato,7
2013,Portalegre,Elvas,67
2013,Portalegre,Fronteira,11
2013,Portalegre,Gavião,16
2013,Portalegre,Marvão,10
2013,Portalegre,Monforte,5
2013,Portalegre,Nisa,26
2013,Portalegre,Ponte de Sor,32
2013,Portalegre,Portalegre,12
2013,Portalegre,Sousel,4
2013,Porto,Amarante,562
2013,Porto,Baião,220
2013,Porto,Felgueiras,402
2013,Porto,Gondomar,500
2013,Porto,Lousada,348
2013,Porto,Maia,251
2013,Porto,Marco de Canaveses,446
2013,Porto,Matosinhos,96
2013,Porto,Paredes,808
2013,Porto,Paços de Ferreira,400
2013,Porto,Penafiel,670
2013,Porto,Porto,1
2013,Porto,Póvoa de Varzim,124
2013,Porto,Santo Tirso,443
2013,Porto,Trofa,92
2013,Porto,Valongo,181
2013,Porto,Vila do Conde,210
2013,Porto,Vila Nova de Gaia,477
2013,Santarém,Abrantes,62
2013,Santarém,Alcanena,25
2013,Santarém,Almeirim,30
2013,Santarém,Alpiarça,19
2013,Santarém,Benavente,53
2013,Santarém,Cartaxo,32
2013,Santarém,Chamusca,48
2013,Santarém,Constância,9
2013,Santarém,Coruche,49
2013,Santarém,Entroncamento,11
2013,Santarém,Ferreira do Zêzere,11
2013,Santarém,Golegã,5
2013,Santarém,Mação,15
2013,Santarém,Ourém,57
2013,Santarém,Rio Maior,40
2013,Santarém,Salvaterra de Magos,30
2013,Santarém,Santarém,136
2013,Santarém,Sardoal,9
2013,Santarém,Tomar,104
2013,Santarém,Torres Novas,65
2013,Santarém,Vila Nova da Barquinha,18
2013,Setúbal,Alcochete,26
2013,Setúbal,Alcácer do Sal,14
2013,Setúbal,Almada,100
2013,Setúbal,Barreiro,58
2013,Setúbal,Grândola,30
2013,Setúbal,Moita,108
2013,Setúbal,Montijo,100
2013,Setúbal,Palmela,152
2013,Setúbal,Santiago do Cacém,40
2013,Setúbal,Seixal,109
2013,Setúbal,Sesimbra,46
2013,Setúbal,Setúbal,88
2013,Setúbal,Sines,26
2013,Viana do Castelo,Arcos de Valdevez,291
2013,Viana do Castelo,Caminha,139
2013,Viana do Castelo,Melgaço,68
2013,Viana do Castelo,Monção,174
2013,Viana do Castelo,Paredes de Coura,104
2013,Viana do Castelo,Ponte da Barca,233
2013,Viana do Castelo,Ponte de Lima,364
2013,Viana do Castelo,Valença,195
2013,Viana do Castelo,Viana do Castelo,239
2013,Viana do Castelo,Vila Nova de Cerveira,75
2013,Vila Real,Alijó,71
2013,Vila Real,Boticas,110
2013,Vila Real,Chaves,191
2013,Vila Real,Mesão Frio,19
2013,Vila Real,Mondim de Basto,28
2013,Vila Real,Montalegre,239
2013,Vila Real,Murça,46
2013,Vila Real,Peso da Régua,45
2013,Vila Real,Ribeira de Pena,78
2013,Vila Real,Sabrosa,20
2013,Vila Real,Santa Marta de Penaguião,31
2013,Vila Real,Valpaços,127
2013,Vila Real,Vila Pouca de Aguiar,121
2013,Vila Real,Vila Real,155
2013,Viseu,Armamar,20
2013,Viseu,Carregal do Sal,30
2013,Viseu,Castro Daire,179
2013,Viseu,Cinfães,262
2013,Viseu,Lamego,153
2013,Viseu,Mangualde,74
2013,Viseu,Moimenta da Beira,80
2013,Viseu,Mortágua,13
2013,Viseu,Nelas,77
2013,Viseu,Oliveira de Frades,74
2013,Viseu,Penalva do Castelo,34
2013,Viseu,Penedono,18
2013,Viseu,Resende,88
2013,Viseu,Santa Comba Dão,22
2013,Viseu,Sernancelhe,60
2013,Viseu,Sátão,38
2013,Viseu,São João da Pesqueira,32
2013,Viseu,São Pedro do Sul,38
2013,Viseu,Tabuaço,23
2013,Viseu,Tarouca,24
2013,Viseu,Tondela,166
2013,Viseu,Vila Nova de Paiva,94
2013,Viseu,Viseu,267
2013,Viseu,Vouzela,65
2013,Évora,Alandroal,13
2013,Évora,Arraiolos,10
2013,Évora,Borba,6
2013,Évora,Estremoz,22
2013,Évora,Montemor-o-Novo,22
2013,Évora,Mora,2
2013,Évora,Mourão,8
2013,Évora,Portel,7
2013,Évora,Redondo,7
2013,Évora,Reguengos de Monsaraz,23
2013,Évora,Vendas Novas,8
2013,Évora,Viana do Alentejo,9
2013,Évora,Vila Viçosa,5
2013,Évora,Évora,56
2014,Aveiro,Albergaria-a-Velha,50
2014,Aveiro,Anadia,24
2014,Aveiro,Arouca,41
2014,Aveiro,Aveiro,40
2014,Aveiro,Castelo de Paiva,21
2014,Aveiro,Espinho,19
2014,Aveiro,Estarreja,24
2014,Aveiro,Mealhada,21
2014,Aveiro,Murtosa,9
2014,Aveiro,Oliveira de Azeméis,66
2014,Aveiro,Oliveira do Bairro,14
2014,Aveiro,Ovar,26
2014,Aveiro,Santa Maria da Feira,84
2014,Aveiro,Sever do Vouga,12
2014,Aveiro,São João da Madeira,35
2014,Aveiro,Vagos,13
2014,Aveiro,Vale de Cambra,27
2014,Aveiro,Águeda,54
2014,Aveiro,Ílhavo,11
2014,Beja,Aljustrel,18
2014,Beja,Almodôvar,9
2014,Beja,Alvito,3
2014,Beja,Barrancos,3
2014,Beja,Beja,68
2014,Beja,Castro Verde,10
2014,Beja,Cuba,7
2014,Beja,Ferreira do Alentejo,12
2014,Beja,Moura,58
2014,Beja,Mértola,17
2014,Beja,Odemira,39
2014,Beja,Ourique,19
2014,Beja,Serpa,29
2014,Beja,Vidigueira,18
2014,Braga,Amares,22
2014,Braga,Barcelos,58
2014,Braga,Braga,36
2014,Braga,Cabeceiras de Basto,46
2014,Braga,Celorico de Basto,55
2014,Braga,Esposende,12
2014,Braga,Fafe,49
2014,Braga,Guimarães,117
2014,Braga,Póvoa de Lanhoso,66
2014,Braga,Terras de Bouro,23
2014,Braga,Vieira do Minho,31
2014,Braga,Vila Nova de Famalicão,57
2014,Braga,Vila Verde,73
2014,Braga,Vizela,11
2014,Bragança,Alfândega da Fé,20
2014,Bragança,Bragança,56
2014,Bragança,Carrazeda de Ansiães,28
2014,Bragança,Freixo de Espada à Cinta,41
2014,Bragança,Macedo de Cavaleiros,38
2014,Bragança,Miranda do Douro,10
2014,Bragança,Mirandela,54
2014,Bragança,Mogadouro,23
2014,Bragança,Torre de Moncorvo,60
2014,Bragança,Vila Flor,31
2014,Bragança,Vimioso,22
2014,Bragança,Vinhais,31
2014,Castelo Branco,Belmonte,11
2014,Castelo Branco,Castelo Branco,63
2014,Castelo Branco,Covilhã,53
2014,Castelo Branco,Fundão,27
2014,Castelo Branco,Idanha-a-Nova,36
2014,Castelo Branco,Oleiros,9
2014,Castelo Branco,Penamacor,10
2014,Castelo Branco,Proença-a-Nova,8
2014,Castelo Branco,Sertã,42
2014,Castelo Branco,Vila de Rei,1
2014,Castelo Branco,Vila Velha de Ródão,12
2014,Coimbra,Arganil,24
2014,Coimbra,Cantanhede,32
2014,Coimbra,Coimbra,74
2014,Coimbra,Condeixa-a-Nova,13
2014,Coimbra,Figueira da Foz,31
2014,Coimbra,Góis,12
2014,Coimbra,Lousã,10
2014,Coimbra,Mira,11
2014,Coimbra,Miranda do Corvo,13
2014,Coimbra,Montemor-o-Velho,14
2014,Coimbra,Oliveira do Hospital,70
2014,Coimbra,Pampilhosa da Serra,7
2014,Coimbra,Penacova,15
2014,Coimbra,Penela,9
2014,Coimbra,Soure,18
2014,Coimbra,Tábua,11
2014,Coimbra,Vila Nova de Poiares,4
2014,Faro,Albufeira,34
2014,Faro,Alcoutim,11
2014,Faro,Aljezur,6
2014,Faro,Castro Marim,15
2014,Faro,Faro,32
2014,Faro,lagoa,16
2014,Faro,Lagos,20
2014,Faro,Loulé,63
2014,Faro,Monchique,18
2014,Faro,Olhão,22
2014,Faro,Portimão,16
2014,Faro,Silves,46
2014,Faro,São Brás de Alportel,5
2014,Faro,Tavira,27
2014,Faro,Vila do Bispo,5
2014,Faro,Vila Real de Santo António,9
2014,Guarda,Aguiar da Beira,11
2014,Guarda,Almeida,15
2014,Guarda,Celorico da Beira,16
2014,Guarda,Figueira de Castelo Rodrigo,54
2014,Guarda,Fornos de Algodres,12
2014,Guarda,Gouveia,38
2014,Guarda,Guarda,35
2014,Guarda,Manteigas,1
2014,Guarda,mêda,39
2014,Guarda,Pinhel,37
2014,Guarda,Sabugal,34
2014,Guarda,Seia,52
2014,Guarda,Trancoso,46
2014,Guarda,Vila Nova de Foz Côa,34
2014,Leiria,Alcobaça,39
2014,Leiria,Alvaiázere,15
2014,Leiria,Ansião,12
2014,Leiria,Batalha,4
2014,Leiria,Bombarral,29
2014,Leiria,Caldas da Rainha,49
2014,Leiria,Castanheira de Pêra,10
2014,Leiria,Figueiró dos Vinhos,13
2014,Leiria,Leiria,46
2014,Leiria,Marinha Grande,17
2014,Leiria,Nazaré,7
2014,Leiria,Pedrógão Grande,21
2014,Leiria,Peniche,46
2014,Leiria,Pombal,53
2014,Leiria,Porto de Mós,20
2014,Leiria,Óbidos,63
2014,Lisboa,Alenquer,77
2014,Lisboa,Amadora,29
2014,Lisboa,Arruda dos Vinhos,27
2014,Lisboa,Azambuja,47
2014,Lisboa,Cadaval,24
2014,Lisboa,Cascais,63
2014,Lisboa,Lisboa,135
2014,Lisboa,Loures,75
2014,Lisboa,Lourinhã,37
2014,Lisboa,Mafra,29
2014,Lisboa,Odivelas,64
2014,Lisboa,Oeiras,47
2014,Lisboa,Sintra,165
2014,Lisboa,Sobral de Monte Agraço,16
2014,Lisboa,Torres Vedras,103
2014,Lisboa,Vila Franca de Xira,57
2014,Portalegre,Alter do Chão,5
2014,Portalegre,Arronches,10
2014,Portalegre,Avis,9
2014,Portalegre,Campo Maior,27
2014,Portalegre,Castelo de Vide,3
2014,Portalegre,Crato,5
2014,Portalegre,Elvas,57
2014,Portalegre,Fronteira,4
2014,Portalegre,Gavião,12
2014,Portalegre,Marvão,10
2014,Portalegre,Monforte,9
2014,Portalegre,Nisa,17
2014,Portalegre,Ponte de Sor,13
2014,Portalegre,Portalegre,20
2014,Portalegre,Sousel,7
2014,Porto,Amarante,111
2014,Porto,Baião,44
2014,Porto,Felgueiras,96
2014,Porto,Gondomar,164
2014,Porto,Lousada,80
2014,Porto,Maia,50
2014,Porto,Marco de Canaveses,96
2014,Porto,Matosinhos,35
2014,Porto,Paredes,160
2014,Porto,Paços de Ferreira,46
2014,Porto,Penafiel,186
2014,Porto,Póvoa de Varzim,26
2014,Porto,Santo Tirso,80
2014,Porto,Trofa,36
2014,Porto,Valongo,116
2014,Porto,Vila do Conde,64
2014,Porto,Vila Nova de Gaia,113
2014,Santarém,Abrantes,34
2014,Santarém,Alcanena,26
2014,Santarém,Almeirim,30
2014,Santarém,Alpiarça,18
2014,Santarém,Benavente,34
2014,Santarém,Cartaxo,33
2014,Santarém,Chamusca,15
2014,Santarém,Constância,9
2014,Santarém,Coruche,34
2014,Santarém,Entroncamento,6
2014,Santarém,Ferreira do Zêzere,6
2014,Santarém,Golegã,4
2014,Santarém,Mação,12
2014,Santarém,Ourém,45
2014,Santarém,Rio Maior,20
2014,Santarém,Salvaterra de Magos,37
2014,Santarém,Santarém,103
2014,Santarém,Sardoal,5
2014,Santarém,Tomar,79
2014,Santarém,Torres Novas,38
2014,Santarém,Vila Nova da Barquinha,10
2014,Setúbal,Alcochete,16
2014,Setúbal,Alcácer do Sal,20
2014,Setúbal,Almada,107
2014,Setúbal,Barreiro,23
2014,Setúbal,Grândola,24
2014,Setúbal,Moita,60
2014,Setúbal,Montijo,78
2014,Setúbal,Palmela,73
2014,Setúbal,Santiago do Cacém,28
2014,Setúbal,Seixal,57
2014,Setúbal,Sesimbra,26
2014,Setúbal,Setúbal,45
2014,Setúbal,Sines,11
2014,Viana do Castelo,Arcos de Valdevez,81
2014,Viana do Castelo,Caminha,29
2014,Viana do Castelo,Melgaço,4
2014,Viana do Castelo,Monção,28
2014,Viana do Castelo,Paredes de Coura,16
2014,Viana do Castelo,Ponte da Barca,36
2014,Viana do Castelo,Ponte de Lima,80
2014,Viana do Castelo,Valença,28
2014,Viana do Castelo,Viana do Castelo,76
2014,Viana do Castelo,Vila Nova de Cerveira,4
2014,Vila Real,Alijó,30
2014,Vila Real,Boticas,38
2014,Vila Real,Chaves,58
2014,Vila Real,Mesão Frio,6
2014,Vila Real,Mondim de Basto,13
2014,Vila Real,Montalegre,92
2014,Vila Real,Murça,15
2014,Vila Real,Peso da Régua,5
2014,Vila Real,Ribeira de Pena,39
2014,Vila Real,Sabrosa,17
2014,Vila Real,Santa Marta de Penaguião,9
2014,Vila Real,Valpaços,85
2014,Vila Real,Vila Pouca de Aguiar,66
2014,Vila Real,Vila Real,31
2014,Viseu,Armamar,11
2014,Viseu,Carregal do Sal,24
2014,Viseu,Castro Daire,35
2014,Viseu,Cinfães,73
2014,Viseu,Lamego,37
2014,Viseu,Mangualde,37
2014,Viseu,Moimenta da Beira,21
2014,Viseu,Mortágua,7
2014,Viseu,Nelas,29
2014,Viseu,Oliveira de Frades,18
2014,Viseu,Penalva do Castelo,4
2014,Viseu,Penedono,14
2014,Viseu,Resende,23
2014,Viseu,Santa Comba Dão,10
2014,Viseu,Sernancelhe,23
2014,Viseu,Sátão,13
2014,Viseu,São João da Pesqueira,32
2014,Viseu,São Pedro do Sul,15
2014,Viseu,Tabuaço,15
2014,Viseu,Tarouca,10
2014,Viseu,Tondela,39
2014,Viseu,Vila Nova de Paiva,14
2014,Viseu,Viseu,111
2014,Viseu,Vouzela,12
2014,Évora,Alandroal,14
2014,Évora,Arraiolos,13
2014,Évora,Borba,8
2014,Évora,Estremoz,25
2014,Évora,Montemor-o-Novo,14
2014,Évora,Mora,9
2014,Évora,Mourão,6
2014,Évora,Portel,8
2014,Évora,Redondo,6
2014,Évora,Reguengos de Monsaraz,16
2014,Évora,Vendas Novas,7
2014,Évora,Viana do Alentejo,1
2014,Évora,Vila Viçosa,5
2014,Évora,Évora,47
2015,Aveiro,Albergaria-a-Velha,64
2015,Aveiro,Anadia,37
2015,Aveiro,Arouca,98
2015,Aveiro,Aveiro,140
2015,Aveiro,Castelo de Paiva,30
2015,Aveiro,Espinho,55
2015,Aveiro,Estarreja,62
2015,Aveiro,Mealhada,30
2015,Aveiro,Murtosa,12
2015,Aveiro,Oliveira de Azeméis,113
2015,Aveiro,Oliveira do Bairro,43
2015,Aveiro,Ovar,60
2015,Aveiro,Santa Maria da Feira,186
2015,Aveiro,Sever do Vouga,69
2015,Aveiro,São João da Madeira,10
2015,Aveiro,Vagos,30
2015,Aveiro,Vale de Cambra,44
2015,Aveiro,Águeda,87
2015,Aveiro,Ílhavo,52
2015,Beja,Aljustrel,18
2015,Beja,Almodôvar,7
2015,Beja,Alvito,10
2015,Beja,Barrancos,4
2015,Beja,Beja,70
2015,Beja,Castro Verde,6
2015,Beja,Cuba,9
2015,Beja,Ferreira do Alentejo,16
2015,Beja,Moura,65
2015,Beja,Mértola,20
2015,Beja,Odemira,50
2015,Beja,Ourique,11
2015,Beja,Serpa,32
2015,Beja,Vidigueira,20
2015,Braga,Amares,52
2015,Braga,Barcelos,111
2015,Braga,Braga,166
2015,Braga,Cabeceiras de Basto,120
2015,Braga,Celorico de Basto,216
2015,Braga,Esposende,37
2015,Braga,Fafe,191
2015,Braga,Guimarães,316
2015,Braga,Póvoa de Lanhoso,215
2015,Braga,Terras de Bouro,86
2015,Braga,Vieira do Minho,180
2015,Braga,Vila Nova de Famalicão,120
2015,Braga,Vila Verde,195
2015,Braga,Vizela,44
2015,Bragança,Alfândega da Fé,21
2015,Bragança,Bragança,94
2015,Bragança,Carrazeda de Ansiães,37
2015,Bragança,Freixo de Espada à Cinta,95
2015,Bragança,Macedo de Cavaleiros,61
2015,Bragança,Miranda do Douro,23
2015,Bragança,Mirandela,79
2015,Bragança,Mogadouro,34
2015,Bragança,Torre de Moncorvo,75
2015,Bragança,Vila Flor,27
2015,Bragança,Vimioso,32
2015,Bragança,Vinhais,108
2015,Castelo Branco,Belmonte,23
2015,Castelo Branco,Castelo Branco,132
2015,Castelo Branco,Covilhã,113
2015,Castelo Branco,Fundão,70
2015,Castelo Branco,Idanha-a-Nova,61
2015,Castelo Branco,Oleiros,12
2015,Castelo Branco,Penamacor,32
2015,Castelo Branco,Proença-a-Nova,15
2015,Castelo Branco,Sertã,47
2015,Castelo Branco,Vila de Rei,6
2015,Castelo Branco,Vila Velha de Ródão,33
2015,Coimbra,Arganil,48
2015,Coimbra,Cantanhede,38
2015,Coimbra,Coimbra,111
2015,Coimbra,Condeixa-a-Nova,28
2015,Coimbra,Figueira da Foz,48
2015,Coimbra,Góis,15
2015,Coimbra,Lousã,17
2015,Coimbra,Mira,18
2015,Coimbra,Miranda do Corvo,33
2015,Coimbra,Montemor-o-Velho,33
2015,Coimbra,Oliveira do Hospital,78
2015,Coimbra,Pampilhosa da Serra,11
2015,Coimbra,Penacova,28
2015,Coimbra,Penela,20
2015,Coimbra,Soure,31
2015,Coimbra,Tábua,43
2015,Coimbra,Vila Nova de Poiares,14
2015,Faro,Albufeira,31
2015,Faro,Alcoutim,12
2015,Faro,Aljezur,12
2015,Faro,Castro Marim,15
2015,Faro,Faro,44
2015,Faro,lagoa,15
2015,Faro,Lagos,15
2015,Faro,Loulé,75
2015,Faro,Monchique,16
2015,Faro,Olhão,34
2015,Faro,Portimão,18
2015,Faro,Silves,55
2015,Faro,São Brás de Alportel,11
2015,Faro,Tavira,34
2015,Faro,Vila do Bispo,12
2015,Faro,Vila Real de Santo António,6
2015,Guarda,Aguiar da Beira,8
2015,Guarda,Almeida,35
2015,Guarda,Celorico da Beira,25
2015,Guarda,Figueira de Castelo Rodrigo,53
2015,Guarda,Fornos de Algodres,3
2015,Guarda,Gouveia,63
2015,Guarda,Guarda,58
2015,Guarda,Manteigas,3
2015,Guarda,mêda,46
2015,Guarda,Pinhel,30
2015,Guarda,Sabugal,70
2015,Guarda,Seia,67
2015,Guarda,Trancoso,40
2015,Guarda,Vila Nova de Foz Côa,55
2015,Leiria,Alcobaça,109
2015,Leiria,Alvaiázere,18
2015,Leiria,Ansião,33
2015,Leiria,Batalha,18
2015,Leiria,Bombarral,34
2015,Leiria,Caldas da Rainha,133
2015,Leiria,Castanheira de Pêra,8
2015,Leiria,Figueiró dos Vinhos,12
2015,Leiria,Leiria,129
2015,Leiria,Marinha Grande,24
2015,Leiria,Nazaré,18
2015,Leiria,Pedrógão Grande,51
2015,Leiria,Peniche,42
2015,Leiria,Pombal,104
2015,Leiria,Porto de Mós,60
2015,Leiria,Óbidos,63
2015,Lisboa,Alenquer,159
2015,Lisboa,Amadora,87
2015,Lisboa,Arruda dos Vinhos,67
2015,Lisboa,Azambuja,94
2015,Lisboa,Cadaval,53
2015,Lisboa,Cascais,81
2015,Lisboa,Lisboa,78
2015,Lisboa,Loures,157
2015,Lisboa,Lourinhã,86
2015,Lisboa,Mafra,95
2015,Lisboa,Odivelas,99
2015,Lisboa,Oeiras,44
2015,Lisboa,Sintra,266
2015,Lisboa,Sobral de Monte Agraço,53
2015,Lisboa,Torres Vedras,176
2015,Lisboa,Vila Franca de Xira,81
2015,Portalegre,Alter do Chão,11
2015,Portalegre,Arronches,15
2015,Portalegre,Avis,14
2015,Portalegre,Campo Maior,34
2015,Portalegre,Castelo de Vide,8
2015,Portalegre,Crato,8
2015,Portalegre,Elvas,82
2015,Portalegre,Fronteira,6
2015,Portalegre,Gavião,10
2015,Portalegre,Marvão,18
2015,Portalegre,Monforte,7
2015,Portalegre,Nisa,21
2015,Portalegre,Ponte de Sor,43
2015,Portalegre,Portalegre,29
2015,Portalegre,Sousel,10
2015,Porto,Amarante,323
2015,Porto,Baião,136
2015,Porto,Felgueiras,310
2015,Porto,Gondomar,348
2015,Porto,Lousada,239
2015,Porto,Maia,215
2015,Porto,Marco de Canaveses,248
2015,Porto,Matosinhos,94
2015,Porto,Paredes,401
2015,Porto,Paços de Ferreira,220
2015,Porto,Penafiel,444
2015,Porto,Porto,1
2015,Porto,Póvoa de Varzim,65
2015,Porto,Santo Tirso,302
2015,Porto,Trofa,95
2015,Porto,Valongo,131
2015,Porto,Vila do Conde,136
2015,Porto,Vila Nova de Gaia,286
2015,Santarém,Abrantes,80
2015,Santarém,Alcanena,62
2015,Santarém,Almeirim,34
2015,Santarém,Alpiarça,30
2015,Santarém,Benavente,80
2015,Santarém,Cartaxo,42
2015,Santarém,Chamusca,27
2015,Santarém,Constância,20
2015,Santarém,Coruche,67
2015,Santarém,Entroncamento,19
2015,Santarém,Ferreira do Zêzere,13
2015,Santarém,Golegã,11
2015,Santarém,Mação,25
2015,Santarém,Ourém,78
2015,Santarém,Rio Maior,61
2015,Santarém,Salvaterra de Magos,57
2015,Santarém,Santarém,162
2015,Santarém,Sardoal,8
2015,Santarém,Tomar,111
2015,Santarém,Torres Novas,60
2015,Santarém,Vila Nova da Barquinha,12
2015,Setúbal,Alcochete,30
2015,Setúbal,Alcácer do Sal,36
2015,Setúbal,Almada,165
2015,Setúbal,Barreiro,67
2015,Setúbal,Grândola,65
2015,Setúbal,Moita,99
2015,Setúbal,Montijo,111
2015,Setúbal,Palmela,151
2015,Setúbal,Santiago do Cacém,37
2015,Setúbal,Seixal,129
2015,Setúbal,Sesimbra,29
2015,Setúbal,Setúbal,87
2015,Setúbal,Sines,17
2015,Viana do Castelo,Arcos de Valdevez,302
2015,Viana do Castelo,Caminha,94
2015,Viana do Castelo,Melgaço,17
2015,Viana do Castelo,Monção,95
2015,Viana do Castelo,Paredes de Coura,62
2015,Viana do Castelo,Ponte da Barca,173
2015,Viana do Castelo,Ponte de Lima,267
2015,Viana do Castelo,Valença,57
2015,Viana do Castelo,Viana do Castelo,221
2015,Viana do Castelo,Vila Nova de Cerveira,33
2015,Vila Real,Alijó,64
2015,Vila Real,Boticas,98
2015,Vila Real,Chaves,181
2015,Vila Real,Mesão Frio,10
2015,Vila Real,Mondim de Basto,31
2015,Vila Real,Montalegre,321
2015,Vila Real,Murça,40
2015,Vila Real,Peso da Régua,34
2015,Vila Real,Ribeira de Pena,88
2015,Vila Real,Sabrosa,24
2015,Vila Real,Santa Marta de Penaguião,22
2015,Vila Real,Valpaços,175
2015,Vila Real,Vila Pouca de Aguiar,114
2015,Vila Real,Vila Real,114
2015,Viseu,Armamar,20
2015,Viseu,Carregal do Sal,17
2015,Viseu,Castro Daire,109
2015,Viseu,Cinfães,297
2015,Viseu,Lamego,68
2015,Viseu,Mangualde,72
2015,Viseu,Moimenta da Beira,45
2015,Viseu,Mortágua,8
2015,Viseu,Nelas,41
2015,Viseu,Oliveira de Frades,56
2015,Viseu,Penalva do Castelo,14
2015,Viseu,Penedono,15
2015,Viseu,Resende,131
2015,Viseu,Santa Comba Dão,14
2015,Viseu,Sernancelhe,42
2015,Viseu,Sátão,19
2015,Viseu,São João da Pesqueira,44
2015,Viseu,São Pedro do Sul,36
2015,Viseu,Tabuaço,14
2015,Viseu,Tarouca,38
2015,Viseu,Tondela,68
2015,Viseu,Vila Nova de Paiva,54
2015,Viseu,Viseu,175
2015,Viseu,Vouzela,21
2015,Évora,Alandroal,13
2015,Évora,Arraiolos,18
2015,Évora,Borba,10
2015,Évora,Estremoz,24
2015,Évora,Montemor-o-Novo,25
2015,Évora,Mora,12
2015,Évora,Mourão,10
2015,Évora,Portel,18
2015,Évora,Redondo,14
2015,Évora,Reguengos de Monsaraz,22
2015,Évora,Vendas Novas,19
2015,Évora,Viana do Alentejo,4
2015,Évora,Vila Viçosa,5
2015,Évora,Évora,56
2016,Aveiro,Albergaria-a-Velha,64
2016,Aveiro,Anadia,35
2016,Aveiro,Arouca,58
2016,Aveiro,Aveiro,94
2016,Aveiro,Castelo de Paiva,33
2016,Aveiro,Espinho,26
2016,Aveiro,Estarreja,37
2016,Aveiro,Mealhada,26
2016,Aveiro,Murtosa,6
2016,Aveiro,Oliveira de Azeméis,63
2016,Aveiro,Oliveira do Bairro,49
2016,Aveiro,Ovar,63
2016,Aveiro,Santa Maria da Feira,118
2016,Aveiro,Sever do Vouga,52
2016,Aveiro,São João da Madeira,2
2016,Aveiro,Vagos,30
2016,Aveiro,Vale de Cambra,31
2016,Aveiro,Águeda,83
2016,Aveiro,Ílhavo,28
2016,Beja,Aljustrel,12
2016,Beja,Almodôvar,11
2016,Beja,Alvito,8
2016,Beja,Barrancos,1
2016,Beja,Beja,57
2016,Beja,Castro Verde,6
2016,Beja,Cuba,10
2016,Beja,Ferreira do Alentejo,8
2016,Beja,Moura,25
2016,Beja,Mértola,11
2016,Beja,Odemira,39
2016,Beja,Ourique,8
2016,Beja,Serpa,23
2016,Beja,Vidigueira,23
2016,Braga,Amares,50
2016,Braga,Barcelos,122
2016,Braga,Braga,135
2016,Braga,Cabeceiras de Basto,116
2016,Braga,Celorico de Basto,172
2016,Braga,Esposende,21
2016,Braga,Fafe,187
2016,Braga,Guimarães,240
2016,Braga,Póvoa de Lanhoso,195
2016,Braga,Terras de Bouro,59
2016,Braga,Vieira do Minho,92
2016,Braga,Vila Nova de Famalicão,168
2016,Braga,Vila Verde,182
2016,Braga,Vizela,20
2016,Bragança,Alfândega da Fé,12
2016,Bragança,Bragança,68
2016,Bragança,Carrazeda de Ansiães,28
2016,Bragança,Freixo de Espada à Cinta,64
2016,Bragança,Macedo de Cavaleiros,19
2016,Bragança,Miranda do Douro,20
2016,Bragança,Mirandela,53
2016,Bragança,Mogadouro,33
2016,Bragança,Torre de Moncorvo,53
2016,Bragança,Vila Flor,21
2016,Bragança,Vimioso,18
2016,Bragança,Vinhais,60
2016,Castelo Branco,Belmonte,5
2016,Castelo Branco,Castelo Branco,96
2016,Castelo Branco,Covilhã,64
2016,Castelo Branco,Fundão,42
2016,Castelo Branco,Idanha-a-Nova,33
2016,Castelo Branco,Oleiros,8
2016,Castelo Branco,Penamacor,12
2016,Castelo Branco,Proença-a-Nova,20
2016,Castelo Branco,Sertã,57
2016,Castelo Branco,Vila de Rei,2
2016,Castelo Branco,Vila Velha de Ródão,51
2016,Coimbra,Arganil,23
2016,Coimbra,Cantanhede,37
2016,Coimbra,Coimbra,72
2016,Coimbra,Condeixa-a-Nova,16
2016,Coimbra,Figueira da Foz,33
2016,Coimbra,Góis,23
2016,Coimbra,Lousã,18
2016,Coimbra,Mira,26
2016,Coimbra,Miranda do Corvo,26
2016,Coimbra,Montemor-o-Velho,34
2016,Coimbra,Oliveira do Hospital,47
2016,Coimbra,Pampilhosa da Serra,5
2016,Coimbra,Penacova,16
2016,Coimbra,Penela,21
2016,Coimbra,Soure,30
2016,Coimbra,Tábua,16
2016,Coimbra,Vila Nova de Poiares,13
2016,Faro,Albufeira,20
2016,Faro,Alcoutim,2
2016,Faro,Aljezur,12
2016,Faro,Castro Marim,10
2016,Faro,Faro,16
2016,Faro,lagoa,21
2016,Faro,Lagos,13
2016,Faro,Loulé,40
2016,Faro,Monchique,12
2016,Faro,Olhão,23
2016,Faro,Portimão,22
2016,Faro,Silves,43
2016,Faro,São Brás de Alportel,8
2016,Faro,Tavira,19
2016,Faro,Vila do Bispo,4
2016,Faro,Vila Real de Santo António,9
2016,Guarda,Aguiar da Beira,17
2016,Guarda,Almeida,28
2016,Guarda,Celorico da Beira,26
2016,Guarda,Figueira de Castelo Rodrigo,33
2016,Guarda,Fornos de Algodres,21
2016,Guarda,Gouveia,31
2016,Guarda,Guarda,50
2016,Guarda,Manteigas,4
2016,Guarda,mêda,30
2016,Guarda,Pinhel,31
2016,Guarda,Sabugal,35
2016,Guarda,Seia,54
2016,Guarda,Trancoso,35
2016,Guarda,Vila Nova de Foz Côa,44
2016,Leiria,Alcobaça,57
2016,Leiria,Alvaiázere,20
2016,Leiria,Ansião,18
2016,Leiria,Batalha,7
2016,Leiria,Bombarral,28
2016,Leiria,Caldas da Rainha,54
2016,Leiria,Castanheira de Pêra,15
2016,Leiria,Figueiró dos Vinhos,23
2016,Leiria,Leiria,86
2016,Leiria,Marinha Grande,30
2016,Leiria,Nazaré,20
2016,Leiria,Pedrógão Grande,25
2016,Leiria,Peniche,34
2016,Leiria,Pombal,72
2016,Leiria,Porto de Mós,25
2016,Leiria,Óbidos,70
2016,Lisboa,Alenquer,143
2016,Lisboa,Amadora,55
2016,Lisboa,Arruda dos Vinhos,50
2016,Lisboa,Azambuja,81
2016,Lisboa,Cadaval,25
2016,Lisboa,Cascais,65
2016,Lisboa,Lisboa,27
2016,Lisboa,Loures,48
2016,Lisboa,Lourinhã,40
2016,Lisboa,Mafra,68
2016,Lisboa,Odivelas,8
2016,Lisboa,Oeiras,22
2016,Lisboa,Sintra,215
2016,Lisboa,Sobral de Monte Agraço,52
2016,Lisboa,Torres Vedras,155
2016,Lisboa,Vila Franca de Xira,26
2016,Portalegre,Alter do Chão,14
2016,Portalegre,Arronches,3
2016,Portalegre,Avis,10
2016,Portalegre,Campo Maior,36
2016,Portalegre,Castelo de Vide,4
2016,Portalegre,Crato,8
2016,Portalegre,Elvas,63
2016,Portalegre,Fronteira,5
2016,Portalegre,Gavião,10
2016,Portalegre,Marvão,9
2016,Portalegre,Monforte,7
2016,Portalegre,Nisa,13
2016,Portalegre,Ponte de Sor,26
2016,Portalegre,Portalegre,19
2016,Portalegre,Sousel,10
2016,Porto,Amarante,273
2016,Porto,Baião,140
2016,Porto,Felgueiras,365
2016,Porto,Gondomar,253
2016,Porto,Lousada,327
2016,Porto,Maia,146
2016,Porto,Marco de Canaveses,265
2016,Porto,Matosinhos,60
2016,Porto,Paredes,637
2016,Porto,Paços de Ferreira,239
2016,Porto,Penafiel,543
2016,Porto,Póvoa de Varzim,39
2016,Porto,Santo Tirso,267
2016,Porto,Trofa,118
2016,Porto,Valongo,200
2016,Porto,Vila do Conde,135
2016,Porto,Vila Nova de Gaia,278
2016,Santarém,Abrantes,72
2016,Santarém,Alcanena,39
2016,Santarém,Almeirim,17
2016,Santarém,Alpiarça,31
2016,Santarém,Benavente,66
2016,Santarém,Cartaxo,44
2016,Santarém,Chamusca,15
2016,Santarém,Constância,19
2016,Santarém,Coruche,51
2016,Santarém,Entroncamento,12
2016,Santarém,Ferreira do Zêzere,10
2016,Santarém,Golegã,2
2016,Santarém,Mação,17
2016,Santarém,Ourém,76
2016,Santarém,Rio Maior,39
2016,Santarém,Salvaterra de Magos,33
2016,Santarém,Santarém,111
2016,Santarém,Sardoal,10
2016,Santarém,Tomar,88
2016,Santarém,Torres Novas,30
2016,Santarém,Vila Nova da Barquinha,8
2016,Setúbal,Alcochete,18
2016,Setúbal,Alcácer do Sal,29
2016,Setúbal,Almada,109
2016,Setúbal,Barreiro,50
2016,Setúbal,Grândola,44
2016,Setúbal,Moita,88
2016,Setúbal,Montijo,67
2016,Setúbal,Palmela,148
2016,Setúbal,Santiago do Cacém,54
2016,Setúbal,Seixal,99
2016,Setúbal,Sesimbra,22
2016,Setúbal,Setúbal,56
2016,Setúbal,Sines,20
2016,Viana do Castelo,Arcos de Valdevez,225
2016,Viana do Castelo,Caminha,48
2016,Viana do Castelo,Melgaço,27
2016,Viana do Castelo,Monção,87
2016,Viana do Castelo,Paredes de Coura,96
2016,Viana do Castelo,Ponte da Barca,139
2016,Viana do Castelo,Ponte de Lima,243
2016,Viana do Castelo,Valença,77
2016,Viana do Castelo,Viana do Castelo,149
2016,Viana do Castelo,Vila Nova de Cerveira,18
2016,Vila Real,Alijó,22
2016,Vila Real,Boticas,93
2016,Vila Real,Chaves,106
2016,Vila Real,Mesão Frio,21
2016,Vila Real,Mondim de Basto,26
2016,Vila Real,Montalegre,292
2016,Vila Real,Murça,31
2016,Vila Real,Peso da Régua,21
2016,Vila Real,Ribeira de Pena,40
2016,Vila Real,Sabrosa,14
2016,Vila Real,Santa Marta de Penaguião,24
2016,Vila Real,Valpaços,107
2016,Vila Real,Vila Pouca de Aguiar,88
2016,Vila Real,Vila Real,87
2016,Viseu,Armamar,13
2016,Viseu,Carregal do Sal,29
2016,Viseu,Castro Daire,123
2016,Viseu,Cinfães,247
2016,Viseu,Lamego,89
2016,Viseu,Mangualde,31
2016,Viseu,Moimenta da Beira,30
2016,Viseu,Mortágua,5
2016,Viseu,Nelas,27
2016,Viseu,Oliveira de Frades,36
2016,Viseu,Penalva do Castelo,10
2016,Viseu,Penedono,9
2016,Viseu,Resende,95
2016,Viseu,Santa Comba Dão,20
2016,Viseu,Sernancelhe,23
2016,Viseu,Sátão,15
2016,Viseu,São João da Pesqueira,29
2016,Viseu,São Pedro do Sul,18
2016,Viseu,Tabuaço,5
2016,Viseu,Tarouca,32
2016,Viseu,Tondela,46
2016,Viseu,Vila Nova de Paiva,31
2016,Viseu,Viseu,160
2016,Viseu,Vouzela,11
2016,Évora,Alandroal,9
2016,Évora,Arraiolos,14
2016,Évora,Borba,8
2016,Évora,Estremoz,35
2016,Évora,Montemor-o-Novo,22
2016,Évora,Mora,9
2016,Évora,Mourão,3
2016,Évora,Portel,9
2016,Évora,Redondo,15
2016,Évora,Reguengos de Monsaraz,24
2016,Évora,Vendas Novas,10
2016,Évora,Viana do Alentejo,7
2016,Évora,Vila Viçosa,6
2016,Évora,Évora,31
2017,Aveiro,Albergaria-a-Velha,88
2017,Aveiro,Anadia,47
2017,Aveiro,Arouca,120
2017,Aveiro,Aveiro,183
2017,Aveiro,Castelo de Paiva,96
2017,Aveiro,Espinho,33
2017,Aveiro,Estarreja,95
2017,Aveiro,Mealhada,46
2017,Aveiro,Murtosa,40
2017,Aveiro,Oliveira de Azeméis,143
2017,Aveiro,Oliveira do Bairro,104
2017,Aveiro,Ovar,42
2017,Aveiro,Santa Maria da Feira,280
2017,Aveiro,Sever do Vouga,56
2017,Aveiro,São João da Madeira,12
2017,Aveiro,Vagos,66
2017,Aveiro,Vale de Cambra,55
2017,Aveiro,Águeda,121
2017,Aveiro,Ílhavo,34
2017,Beja,Aljustrel,27
2017,Beja,Almodôvar,15
2017,Beja,Alvito,3
2017,Beja,Barrancos,2
2017,Beja,Beja,64
2017,Beja,Castro Verde,15
2017,Beja,Cuba,12
2017,Beja,Ferreira do Alentejo,24
2017,Beja,Moura,39
2017,Beja,Mértola,19
2017,Beja,Odemira,56
2017,Beja,Ourique,10
2017,Beja,Serpa,29
2017,Beja,Vidigueira,41
2017,Braga,Amares,65
2017,Braga,Barcelos,150
2017,Braga,Braga,118
2017,Braga,Cabeceiras de Basto,153
2017,Braga,Celorico de Basto,163
2017,Braga,Esposende,31
2017,Braga,Fafe,206
2017,Braga,Guimarães,276
2017,Braga,Póvoa de Lanhoso,190
2017,Braga,Terras de Bouro,81
2017,Braga,Vieira do Minho,165
2017,Braga,Vila Nova de Famalicão,189
2017,Braga,Vila Verde,192
2017,Braga,Vizela,40
2017,Bragança,Alfândega da Fé,37
2017,Bragança,Bragança,151
2017,Bragança,Carrazeda de Ansiães,50
2017,Bragança,Freixo de Espada à Cinta,47
2017,Bragança,Macedo de Cavaleiros,63
2017,Bragança,Miranda do Douro,33
2017,Bragança,Mirandela,94
2017,Bragança,Mogadouro,63
2017,Bragança,Torre de Moncorvo,100
2017,Bragança,Vila Flor,43
2017,Bragança,Vimioso,50
2017,Bragança,Vinhais,123
2017,Castelo Branco,Belmonte,19
2017,Castelo Branco,Castelo Branco,172
2017,Castelo Branco,Covilhã,115
2017,Castelo Branco,Fundão,73
2017,Castelo Branco,Idanha-a-Nova,54
2017,Castelo Branco,Oleiros,22
2017,Castelo Branco,Penamacor,23
2017,Castelo Branco,Proença-a-Nova,23
2017,Castelo Branco,Sertã,73
2017,Castelo Branco,Vila de Rei,13
2017,Castelo Branco,Vila Velha de Ródão,49
2017,Coimbra,Arganil,30
2017,Coimbra,Cantanhede,71
2017,Coimbra,Coimbra,123
2017,Coimbra,Condeixa-a-Nova,35
2017,Coimbra,Figueira da Foz,81
2017,Coimbra,Góis,19
2017,Coimbra,Lousã,28
2017,Coimbra,Mira,41
2017,Coimbra,Miranda do Corvo,33
2017,Coimbra,Montemor-o-Velho,54
2017,Coimbra,Oliveira do Hospital,59
2017,Coimbra,Pampilhosa da Serra,12
2017,Coimbra,Penacova,36
2017,Coimbra,Penela,14
2017,Coimbra,Soure,33
2017,Coimbra,Tábua,64
2017,Coimbra,Vila Nova de Poiares,8
2017,Faro,Albufeira,26
2017,Faro,Alcoutim,3
2017,Faro,Aljezur,19
2017,Faro,Castro Marim,11
2017,Faro,Faro,42
2017,Faro,lagoa,16
2017,Faro,Lagos,20
2017,Faro,Loulé,53
2017,Faro,Monchique,17
2017,Faro,Olhão,30
2017,Faro,Portimão,27
2017,Faro,Silves,56
2017,Faro,São Brás de Alportel,16
2017,Faro,Tavira,38
2017,Faro,Vila do Bispo,5
2017,Faro,Vila Real de Santo António,15
2017,Guarda,Aguiar da Beira,12
2017,Guarda,Almeida,23
2017,Guarda,Celorico da Beira,48
2017,Guarda,Figueira de Castelo Rodrigo,46
2017,Guarda,Fornos de Algodres,10
2017,Guarda,Gouveia,56
2017,Guarda,Guarda,69
2017,Guarda,Manteigas,3
2017,Guarda,mêda,63
2017,Guarda,Pinhel,51
2017,Guarda,Sabugal,67
2017,Guarda,Seia,68
2017,Guarda,Trancoso,65
2017,Guarda,Vila Nova de Foz Côa,58
2017,Leiria,Alcobaça,119
2017,Leiria,Alvaiázere,27
2017,Leiria,Ansião,23
2017,Leiria,Batalha,19
2017,Leiria,Bombarral,35
2017,Leiria,Caldas da Rainha,80
2017,Leiria,Castanheira de Pêra,14
2017,Leiria,Figueiró dos Vinhos,14
2017,Leiria,Leiria,123
2017,Leiria,Marinha Grande,42
2017,Leiria,Nazaré,11
2017,Leiria,Pedrógão Grande,29
2017,Leiria,Peniche,73
2017,Leiria,Pombal,128
2017,Leiria,Porto de Mós,41
2017,Leiria,Óbidos,102
2017,Lisboa,Alenquer,207
2017,Lisboa,Amadora,33
2017,Lisboa,Arruda dos Vinhos,32
2017,Lisboa,Azambuja,73
2017,Lisboa,Cadaval,50
2017,Lisboa,Cascais,70
2017,Lisboa,Lisboa,30
2017,Lisboa,Loures,59
2017,Lisboa,Lourinhã,66
2017,Lisboa,Mafra,93
2017,Lisboa,Odivelas,14
2017,Lisboa,Oeiras,43
2017,Lisboa,Sintra,249
2017,Lisboa,Sobral de Monte Agraço,40
2017,Lisboa,Torres Vedras,174
2017,Lisboa,Vila Franca de Xira,40
2017,Portalegre,Alter do Chão,11
2017,Portalegre,Arronches,14
2017,Portalegre,Avis,12
2017,Portalegre,Campo Maior,51
2017,Portalegre,Castelo de Vide,8
2017,Portalegre,Crato,9
2017,Portalegre,Elvas,76
2017,Portalegre,Fronteira,15
2017,Portalegre,Gavião,17
2017,Portalegre,Marvão,11
2017,Portalegre,Monforte,10
2017,Portalegre,Nisa,25
2017,Portalegre,Ponte de Sor,45
2017,Portalegre,Portalegre,32
2017,Portalegre,Sousel,8
2017,Porto,Amarante,452
2017,Porto,Baião,164
2017,Porto,Felgueiras,390
2017,Porto,Gondomar,383
2017,Porto,Lousada,279
2017,Porto,Maia,177
2017,Porto,Marco de Canaveses,231
2017,Porto,Matosinhos,73
2017,Porto,Paredes,438
2017,Porto,Paços de Ferreira,268
2017,Porto,Penafiel,585
2017,Porto,Póvoa de Varzim,89
2017,Porto,Santo Tirso,290
2017,Porto,Trofa,191
2017,Porto,Valongo,158
2017,Porto,Vila do Conde,202
2017,Porto,Vila Nova de Gaia,359
2017,Santarém,Abrantes,100
2017,Santarém,Alcanena,49
2017,Santarém,Almeirim,32
2017,Santarém,Alpiarça,14
2017,Santarém,Benavente,49
2017,Santarém,Cartaxo,31
2017,Santarém,Chamusca,29
2017,Santarém,Constância,10
2017,Santarém,Coruche,55
2017,Santarém,Entroncamento,10
2017,Santarém,Ferreira do Zêzere,38
2017,Santarém,Golegã,8
2017,Santarém,Mação,32
2017,Santarém,Ourém,96
2017,Santarém,Rio Maior,33
2017,Santarém,Salvaterra de Magos,84
2017,Santarém,Santarém,98
2017,Santarém,Sardoal,24
2017,Santarém,Tomar,162
2017,Santarém,Torres Novas,60
2017,Santarém,Vila Nova da Barquinha,19
2017,Setúbal,Alcochete,19
2017,Setúbal,Alcácer do Sal,39
2017,Setúbal,Almada,93
2017,Setúbal,Barreiro,42
2017,Setúbal,Grândola,32
2017,Setúbal,Moita,73
2017,Setúbal,Montijo,67
2017,Setúbal,Palmela,109
2017,Setúbal,Santiago do Cacém,26
2017,Setúbal,Seixal,101
2017,Setúbal,Sesimbra,20
2017,Setúbal,Setúbal,79
2017,Setúbal,Sines,19
2017,Viana do Castelo,Arcos de Valdevez,282
2017,Viana do Castelo,Caminha,62
2017,Viana do Castelo,Melgaço,29
2017,Viana do Castelo,Monção,88
2017,Viana do Castelo,Paredes de Coura,81
2017,Viana do Castelo,Ponte da Barca,155
2017,Viana do Castelo,Ponte de Lima,209
2017,Viana do Castelo,Valença,42
2017,Viana do Castelo,Viana do Castelo,183
2017,Viana do Castelo,Vila Nova de Cerveira,32
2017,Vila Real,Alijó,48
2017,Vila Real,Boticas,94
2017,Vila Real,Chaves,132
2017,Vila Real,Mesão Frio,40
2017,Vila Real,Mondim de Basto,87
2017,Vila Real,Montalegre,314
2017,Vila Real,Murça,50
2017,Vila Real,Peso da Régua,25
2017,Vila Real,Ribeira de Pena,86
2017,Vila Real,Sabrosa,46
2017,Vila Real,Santa Marta de Penaguião,39
2017,Vila Real,Valpaços,217
2017,Vila Real,Vila Pouca de Aguiar,117
2017,Vila Real,Vila Real,128
2017,Viseu,Armamar,42
2017,Viseu,Carregal do Sal,26
2017,Viseu,Castro Daire,227
2017,Viseu,Cinfães,202
2017,Viseu,Lamego,110
2017,Viseu,Mangualde,99
2017,Viseu,Moimenta da Beira,55
2017,Viseu,Mortágua,13
2017,Viseu,Nelas,44
2017,Viseu,Oliveira de Frades,56
2017,Viseu,Penalva do Castelo,24
2017,Viseu,Penedono,49
2017,Viseu,Resende,115
2017,Viseu,Santa Comba Dão,30
2017,Viseu,Sernancelhe,72
2017,Viseu,Sátão,22
2017,Viseu,São João da Pesqueira,42
2017,Viseu,São Pedro do Sul,54
2017,Viseu,Tabuaço,24
2017,Viseu,Tarouca,59
2017,Viseu,Tondela,131
2017,Viseu,Vila Nova de Paiva,107
2017,Viseu,Viseu,211
2017,Viseu,Vouzela,43
2017,Évora,Alandroal,10
2017,Évora,Arraiolos,19
2017,Évora,Borba,15
2017,Évora,Estremoz,25
2017,Évora,Montemor-o-Novo,24
2017,Évora,Mora,17
2017,Évora,Mourão,7
2017,Évora,Portel,15
2017,Évora,Redondo,12
2017,Évora,Reguengos de Monsaraz,33
2017,Évora,Vendas Novas,23
2017,Évora,Viana do Alentejo,17
2017,Évora,Vila Viçosa,6
2017,Évora,Évora,62
2018,Aveiro,Albergaria-a-Velha,91
2018,Aveiro,Anadia,35
2018,Aveiro,Arouca,88
2018,Aveiro,Aveiro,47
2018,Aveiro,Castelo de Paiva,50
2018,Aveiro,Espinho,26
2018,Aveiro,Estarreja,30
2018,Aveiro,Mealhada,28
2018,Aveiro,Murtosa,18
2018,Aveiro,Oliveira de Azeméis,158
2018,Aveiro,Oliveira do Bairro,34
2018,Aveiro,Ovar,24
2018,Aveiro,Santa Maria da Feira,227
2018,Aveiro,Sever do Vouga,44
2018,Aveiro,São João da Madeira,22
2018,Aveiro,Vagos,24
2018,Aveiro,Vale de Cambra,91
2018,Aveiro,Águeda,59
2018,Aveiro,Ílhavo,26
2018,Beja,Aljustrel,11
2018,Beja,Almodôvar,16
2018,Beja,Alvito,6
2018,Beja,Barrancos,2
2018,Beja,Beja,37
2018,Beja,Castro Verde,9
2018,Beja,Cuba,12
2018,Beja,Ferreira do Alentejo,13
2018,Beja,Moura,31
2018,Beja,Mértola,14
2018,Beja,Odemira,27
2018,Beja,Ourique,15
2018,Beja,Serpa,19
2018,Beja,Vidigueira,23
2018,Braga,Amares,41
2018,Braga,Barcelos,130
2018,Braga,Braga,88
2018,Braga,Cabeceiras de Basto,86
2018,Braga,Celorico de Basto,129
2018,Braga,Esposende,21
2018,Braga,Fafe,108
2018,Braga,Guimarães,183
2018,Braga,Póvoa de Lanhoso,106
2018,Braga,Terras de Bouro,44
2018,Braga,Vieira do Minho,78
2018,Braga,Vila Nova de Famalicão,91
2018,Braga,Vila Verde,163
2018,Braga,Vizela,25
2018,Bragança,Alfândega da Fé,45
2018,Bragança,Bragança,79
2018,Bragança,Carrazeda de Ansiães,52
2018,Bragança,Freixo de Espada à Cinta,34
2018,Bragança,Macedo de Cavaleiros,31
2018,Bragança,Miranda do Douro,42
2018,Bragança,Mirandela,41
2018,Bragança,Mogadouro,37
2018,Bragança,Torre de Moncorvo,55
2018,Bragança,Vila Flor,42
2018,Bragança,Vimioso,31
2018,Bragança,Vinhais,55
2018,Castelo Branco,Belmonte,19
2018,Castelo Branco,Castelo Branco,111
2018,Castelo Branco,Covilhã,62
2018,Castelo Branco,Fundão,73
2018,Castelo Branco,Idanha-a-Nova,47
2018,Castelo Branco,Oleiros,18
2018,Castelo Branco,Penamacor,19
2018,Castelo Branco,Proença-a-Nova,25
2018,Castelo Branco,Sertã,28
2018,Castelo Branco,Vila de Rei,6
2018,Castelo Branco,Vila Velha de Ródão,16
2018,Coimbra,Arganil,4
2018,Coimbra,Cantanhede,38
2018,Coimbra,Coimbra,46
2018,Coimbra,Condeixa-a-Nova,17
2018,Coimbra,Figueira da Foz,28
2018,Coimbra,Góis,2
2018,Coimbra,Lousã,11
2018,Coimbra,Mira,12
2018,Coimbra,Miranda do Corvo,20
2018,Coimbra,Montemor-o-Velho,14
2018,Coimbra,Oliveira do Hospital,4
2018,Coimbra,Pampilhosa da Serra,9
2018,Coimbra,Penacova,15
2018,Coimbra,Penela,10
2018,Coimbra,Soure,18
2018,Coimbra,Tábua,15
2018,Coimbra,Vila Nova de Poiares,3
2018,Faro,Albufeira,20
2018,Faro,Alcoutim,4
2018,Faro,Aljezur,23
2018,Faro,Castro Marim,19
2018,Faro,Faro,26
2018,Faro,lagoa,13
2018,Faro,Lagos,20
2018,Faro,Loulé,60
2018,Faro,Monchique,24
2018,Faro,Olhão,19
2018,Faro,Portimão,13
2018,Faro,Silves,56
2018,Faro,São Brás de Alportel,12
2018,Faro,Tavira,33
2018,Faro,Vila do Bispo,7
2018,Faro,Vila Real de Santo António,5
2018,Guarda,Aguiar da Beira,11
2018,Guarda,Almeida,16
2018,Guarda,Celorico da Beira,9
2018,Guarda,Figueira de Castelo Rodrigo,15
2018,Guarda,Fornos de Algodres,9
2018,Guarda,Gouveia,10
2018,Guarda,Guarda,28
2018,Guarda,Manteigas,2
2018,Guarda,mêda,23
2018,Guarda,Pinhel,11
2018,Guarda,Sabugal,42
2018,Guarda,Seia,20
2018,Guarda,Trancoso,23
2018,Guarda,Vila Nova de Foz Côa,29
2018,Leiria,Alcobaça,22
2018,Leiria,Alvaiázere,11
2018,Leiria,Ansião,22
2018,Leiria,Batalha,17
2018,Leiria,Bombarral,6
2018,Leiria,Caldas da Rainha,37
2018,Leiria,Castanheira de Pêra,5
2018,Leiria,Figueiró dos Vinhos,11
2018,Leiria,Leiria,61
2018,Leiria,Marinha Grande,12
2018,Leiria,Nazaré,4
2018,Leiria,Pedrógão Grande,12
2018,Leiria,Peniche,22
2018,Leiria,Pombal,58
2018,Leiria,Porto de Mós,21
2018,Leiria,Óbidos,30
2018,Lisboa,Alenquer,107
2018,Lisboa,Amadora,57
2018,Lisboa,Arruda dos Vinhos,35
2018,Lisboa,Azambuja,54
2018,Lisboa,Cadaval,22
2018,Lisboa,Cascais,58
2018,Lisboa,Lisboa,15
2018,Lisboa,Loures,64
2018,Lisboa,Lourinhã,37
2018,Lisboa,Mafra,74
2018,Lisboa,Odivelas,35
2018,Lisboa,Oeiras,36
2018,Lisboa,Sintra,204
2018,Lisboa,Sobral de Monte Agraço,26
2018,Lisboa,Torres Vedras,121
2018,Lisboa,Vila Franca de Xira,50
2018,Portalegre,Alter do Chão,7
2018,Portalegre,Arronches,5
2018,Portalegre,Avis,8
2018,Portalegre,Campo Maior,39
2018,Portalegre,Castelo de Vide,11
2018,Portalegre,Crato,11
2018,Portalegre,Elvas,47
2018,Portalegre,Gavião,9
2018,Portalegre,Marvão,8
2018,Portalegre,Monforte,6
2018,Portalegre,Nisa,18
2018,Portalegre,Ponte de Sor,25
2018,Portalegre,Portalegre,29
2018,Portalegre,Sousel,4
2018,Porto,Amarante,181
2018,Porto,Baião,116
2018,Porto,Felgueiras,129
2018,Porto,Gondomar,203
2018,Porto,Lousada,134
2018,Porto,Maia,109
2018,Porto,Marco de Canaveses,146
2018,Porto,Matosinhos,68
2018,Porto,Paredes,345
2018,Porto,Paços de Ferreira,126
2018,Porto,Penafiel,228
2018,Porto,Póvoa de Varzim,47
2018,Porto,Santo Tirso,171
2018,Porto,Trofa,44
2018,Porto,Valongo,79
2018,Porto,Vila do Conde,104
2018,Porto,Vila Nova de Gaia,197
2018,Santarém,Abrantes,65
2018,Santarém,Alcanena,24
2018,Santarém,Almeirim,30
2018,Santarém,Alpiarça,14
2018,Santarém,Benavente,54
2018,Santarém,Cartaxo,22
2018,Santarém,Chamusca,20
2018,Santarém,Constância,7
2018,Santarém,Coruche,51
2018,Santarém,Entroncamento,1
2018,Santarém,Ferreira do Zêzere,14
2018,Santarém,Golegã,2
2018,Santarém,Mação,9
2018,Santarém,Ourém,82
2018,Santarém,Rio Maior,16
2018,Santarém,Salvaterra de Magos,23
2018,Santarém,Santarém,48
2018,Santarém,Sardoal,19
2018,Santarém,Tomar,95
2018,Santarém,Torres Novas,40
2018,Santarém,Vila Nova da Barquinha,4
2018,Setúbal,Alcochete,20
2018,Setúbal,Alcácer do Sal,20
2018,Setúbal,Almada,61
2018,Setúbal,Barreiro,10
2018,Setúbal,Grândola,20
2018,Setúbal,Moita,35
2018,Setúbal,Montijo,36
2018,Setúbal,Palmela,69
2018,Setúbal,Santiago do Cacém,21
2018,Setúbal,Seixal,62
2018,Setúbal,Sesimbra,16
2018,Setúbal,Setúbal,18
2018,Setúbal,Sines,12
2018,Viana do Castelo,Arcos de Valdevez,149
2018,Viana do Castelo,Caminha,49
2018,Viana do Castelo,Melgaço,26
2018,Viana do Castelo,Monção,47
2018,Viana do Castelo,Paredes de Coura,52
2018,Viana do Castelo,Ponte da Barca,124
2018,Viana do Castelo,Ponte de Lima,204
2018,Viana do Castelo,Valença,75
2018,Viana do Castelo,Viana do Castelo,139
2018,Viana do Castelo,Vila Nova de Cerveira,28
2018,Vila Real,Alijó,36
2018,Vila Real,Boticas,40
2018,Vila Real,Chaves,67
2018,Vila Real,Mesão Frio,13
2018,Vila Real,Mondim de Basto,20
2018,Vila Real,Montalegre,119
2018,Vila Real,Murça,27
2018,Vila Real,Peso da Régua,11
2018,Vila Real,Ribeira de Pena,54
2018,Vila Real,Sabrosa,24
2018,Vila Real,Santa Marta de Penaguião,21
2018,Vila Real,Valpaços,126
2018,Vila Real,Vila Pouca de Aguiar,65
2018,Vila Real,Vila Real,117
2018,Viseu,Armamar,28
2018,Viseu,Carregal do Sal,6
2018,Viseu,Castro Daire,75
2018,Viseu,Cinfães,120
2018,Viseu,Lamego,50
2018,Viseu,Mangualde,28
2018,Viseu,Moimenta da Beira,37
2018,Viseu,Mortágua,15
2018,Viseu,Nelas,27
2018,Viseu,Oliveira de Frades,12
2018,Viseu,Penalva do Castelo,17
2018,Viseu,Penedono,46
2018,Viseu,Resende,41
2018,Viseu,Santa Comba Dão,5
2018,Viseu,Sernancelhe,84
2018,Viseu,Sátão,25
2018,Viseu,São João da Pesqueira,33
2018,Viseu,São Pedro do Sul,32
2018,Viseu,Tabuaço,35
2018,Viseu,Tarouca,44
2018,Viseu,Tondela,51
2018,Viseu,Vila Nova de Paiva,25
2018,Viseu,Viseu,110
2018,Viseu,Vouzela,9
2018,Évora,Alandroal,3
2018,Évora,Arraiolos,11
2018,Évora,Borba,9
2018,Évora,Estremoz,24
2018,Évora,Montemor-o-Novo,12
2018,Évora,Mora,6
2018,Évora,Mourão,9
2018,Évora,Portel,13
2018,Évora,Redondo,7
2018,Évora,Reguengos de Monsaraz,14
2018,Évora,Vendas Novas,6
2018,Évora,Viana do Alentejo,6
2018,Évora,Vila Viçosa,2
2018,Évora,Évora,37
2019,Aveiro,Albergaria-a-Velha,55
2019,Aveiro,Anadia,23
2019,Aveiro,Arouca,55
2019,Aveiro,Aveiro,83
2019,Aveiro,Castelo de Paiva,50
2019,Aveiro,Espinho,20
2019,Aveiro,Estarreja,38
2019,Aveiro,Mealhada,33
2019,Aveiro,Murtosa,12
2019,Aveiro,Oliveira de Azeméis,92
2019,Aveiro,Oliveira do Bairro,17
2019,Aveiro,Ovar,34
2019,Aveiro,Santa Maria da Feira,145
2019,Aveiro,Sever do Vouga,28
2019,Aveiro,São João da Madeira,5
2019,Aveiro,Vagos,21
2019,Aveiro,Vale de Cambra,37
2019,Aveiro,Águeda,50
2019,Aveiro,Ílhavo,19
2019,Beja,Aljustrel,25
2019,Beja,Almodôvar,21
2019,Beja,Alvito,6
2019,Beja,Barrancos,2
2019,Beja,Beja,112
2019,Beja,Castro Verde,15
2019,Beja,Cuba,10
2019,Beja,Ferreira do Alentejo,16
2019,Beja,Moura,28
2019,Beja,Mértola,26
2019,Beja,Odemira,47
2019,Beja,Ourique,22
2019,Beja,Serpa,34
2019,Beja,Vidigueira,21
2019,Braga,Amares,20
2019,Braga,Barcelos,53
2019,Braga,Braga,82
2019,Braga,Cabeceiras de Basto,72
2019,Braga,Celorico de Basto,107
2019,Braga,Esposende,15
2019,Braga,Fafe,78
2019,Braga,Guimarães,119
2019,Braga,Póvoa de Lanhoso,61
2019,Braga,Terras de Bouro,32
2019,Braga,Vieira do Minho,72
2019,Braga,Vila Nova de Famalicão,69
2019,Braga,Vila Verde,114
2019,Braga,Vizela,23
2019,Bragança,Alfândega da Fé,54
2019,Bragança,Bragança,56
2019,Bragança,Carrazeda de Ansiães,27
2019,Bragança,Freixo de Espada à Cinta,18
2019,Bragança,Macedo de Cavaleiros,26
2019,Bragança,Miranda do Douro,5
2019,Bragança,Mirandela,32
2019,Bragança,Mogadouro,18
2019,Bragança,Torre de Moncorvo,31
2019,Bragança,Vila Flor,12
2019,Bragança,Vimioso,10
2019,Bragança,Vinhais,53
2019,Castelo Branco,Belmonte,18
2019,Castelo Branco,Castelo Branco,90
2019,Castelo Branco,Covilhã,91
2019,Castelo Branco,Fundão,115
2019,Castelo Branco,Idanha-a-Nova,41
2019,Castelo Branco,Oleiros,20
2019,Castelo Branco,Penamacor,16
2019,Castelo Branco,Proença-a-Nova,17
2019,Castelo Branco,Sertã,36
2019,Castelo Branco,Vila de Rei,2
2019,Castelo Branco,Vila Velha de Ródão,12
2019,Coimbra,Arganil,13
2019,Coimbra,Cantanhede,47
2019,Coimbra,Coimbra,37
2019,Coimbra,Condeixa-a-Nova,16
2019,Coimbra,Figueira da Foz,63
2019,Coimbra,Góis,5
2019,Coimbra,Lousã,9
2019,Coimbra,Mira,6
2019,Coimbra,Miranda do Corvo,9
2019,Coimbra,Montemor-o-Velho,25
2019,Coimbra,Oliveira do Hospital,13
2019,Coimbra,Pampilhosa da Serra,7
2019,Coimbra,Penacova,11
2019,Coimbra,Penela,11
2019,Coimbra,Soure,12
2019,Coimbra,Tábua,27
2019,Coimbra,Vila Nova de Poiares,3
2019,Faro,Albufeira,39
2019,Faro,Alcoutim,6
2019,Faro,Aljezur,15
2019,Faro,Castro Marim,15
2019,Faro,Faro,35
2019,Faro,lagoa,10
2019,Faro,Lagos,30
2019,Faro,Loulé,68
2019,Faro,Monchique,8
2019,Faro,Olhão,22
2019,Faro,Portimão,28
2019,Faro,Silves,54
2019,Faro,São Brás de Alportel,20
2019,Faro,Tavira,36
2019,Faro,Vila do Bispo,17
2019,Faro,Vila Real de Santo António,14
2019,Guarda,Aguiar da Beira,10
2019,Guarda,Almeida,10
2019,Guarda,Celorico da Beira,13
2019,Guarda,Figueira de Castelo Rodrigo,21
2019,Guarda,Fornos de Algodres,9
2019,Guarda,Gouveia,22
2019,Guarda,Guarda,24
2019,Guarda,Manteigas,4
2019,Guarda,mêda,17
2019,Guarda,Pinhel,15
2019,Guarda,Sabugal,48
2019,Guarda,Seia,22
2019,Guarda,Trancoso,28
2019,Guarda,Vila Nova de Foz Côa,48
2019,Leiria,Alcobaça,24
2019,Leiria,Alvaiázere,13
2019,Leiria,Ansião,18
2019,Leiria,Batalha,17
2019,Leiria,Bombarral,11
2019,Leiria,Caldas da Rainha,72
2019,Leiria,Castanheira de Pêra,1
2019,Leiria,Figueiró dos Vinhos,11
2019,Leiria,Leiria,83
2019,Leiria,Marinha Grande,18
2019,Leiria,Nazaré,5
2019,Leiria,Pedrógão Grande,10
2019,Leiria,Peniche,23
2019,Leiria,Pombal,79
2019,Leiria,Porto de Mós,34
2019,Leiria,Óbidos,61
2019,Lisboa,Alenquer,109
2019,Lisboa,Amadora,35
2019,Lisboa,Arruda dos Vinhos,31
2019,Lisboa,Azambuja,86
2019,Lisboa,Cadaval,28
2019,Lisboa,Cascais,66
2019,Lisboa,Lisboa,32
2019,Lisboa,Loures,54
2019,Lisboa,Lourinhã,16
2019,Lisboa,Mafra,82
2019,Lisboa,Odivelas,21
2019,Lisboa,Oeiras,27
2019,Lisboa,Sintra,184
2019,Lisboa,Sobral de Monte Agraço,18
2019,Lisboa,Torres Vedras,67
2019,Lisboa,Vila Franca de Xira,40
2019,Portalegre,Alter do Chão,8
2019,Portalegre,Arronches,13
2019,Portalegre,Avis,12
2019,Portalegre,Campo Maior,43
2019,Portalegre,Castelo de Vide,13
2019,Portalegre,Crato,12
2019,Portalegre,Elvas,73
2019,Portalegre,Fronteira,8
2019,Portalegre,Gavião,18
2019,Portalegre,Marvão,11
2019,Portalegre,Monforte,5
2019,Portalegre,Nisa,16
2019,Portalegre,Ponte de Sor,22
2019,Portalegre,Portalegre,26
2019,Portalegre,Sousel,9
2019,Porto,Amarante,113
2019,Porto,Baião,78
2019,Porto,Felgueiras,121
2019,Porto,Gondomar,177
2019,Porto,Lousada,100
2019,Porto,Maia,59
2019,Porto,Marco de Canaveses,114
2019,Porto,Matosinhos,25
2019,Porto,Paredes,266
2019,Porto,Paços de Ferreira,92
2019,Porto,Penafiel,216
2019,Porto,Póvoa de Varzim,25
2019,Porto,Santo Tirso,83
2019,Porto,Trofa,46
2019,Porto,Valongo,106
2019,Porto,Vila do Conde,69
2019,Porto,Vila Nova de Gaia,152
2019,Santarém,Abrantes,75
2019,Santarém,Alcanena,25
2019,Santarém,Almeirim,31
2019,Santarém,Alpiarça,10
2019,Santarém,Benavente,63
2019,Santarém,Cartaxo,25
2019,Santarém,Chamusca,12
2019,Santarém,Constância,5
2019,Santarém,Coruche,45
2019,Santarém,Entroncamento,6
2019,Santarém,Ferreira do Zêzere,7
2019,Santarém,Golegã,2
2019,Santarém,Mação,17
2019,Santarém,Ourém,63
2019,Santarém,Rio Maior,51
2019,Santarém,Salvaterra de Magos,39
2019,Santarém,Santarém,92
2019,Santarém,Sardoal,9
2019,Santarém,Tomar,89
2019,Santarém,Torres Novas,34
2019,Santarém,Vila Nova da Barquinha,3
2019,Setúbal,Alcochete,13
2019,Setúbal,Alcácer do Sal,30
2019,Setúbal,Almada,27
2019,Setúbal,Barreiro,8
2019,Setúbal,Grândola,24
2019,Setúbal,Moita,26
2019,Setúbal,Montijo,34
2019,Setúbal,Palmela,96
2019,Setúbal,Santiago do Cacém,41
2019,Setúbal,Seixal,33
2019,Setúbal,Sesimbra,33
2019,Setúbal,Setúbal,22
2019,Setúbal,Sines,11
2019,Viana do Castelo,Arcos de Valdevez,111
2019,Viana do Castelo,Caminha,29
2019,Viana do Castelo,Melgaço,12
2019,Viana do Castelo,Monção,34
2019,Viana do Castelo,Paredes de Coura,35
2019,Viana do Castelo,Ponte da Barca,81
2019,Viana do Castelo,Ponte de Lima,120
2019,Viana do Castelo,Valença,39
2019,Viana do Castelo,Viana do Castelo,84
2019,Viana do Castelo,Vila Nova de Cerveira,11
2019,Vila Real,Alijó,21
2019,Vila Real,Boticas,35
2019,Vila Real,Chaves,66
2019,Vila Real,Mesão Frio,3
2019,Vila Real,Mondim de Basto,26
2019,Vila Real,Montalegre,168
2019,Vila Real,Murça,20
2019,Vila Real,Peso da Régua,14
2019,Vila Real,Ribeira de Pena,40
2019,Vila Real,Sabrosa,12
2019,Vila Real,Santa Marta de Penaguião,11
2019,Vila Real,Valpaços,69
2019,Vila Real,Vila Pouca de Aguiar,53
2019,Vila Real,Vila Real,101
2019,Viseu,Armamar,9
2019,Viseu,Carregal do Sal,8
2019,Viseu,Castro Daire,99
2019,Viseu,Cinfães,70
2019,Viseu,Lamego,48
2019,Viseu,Mangualde,31
2019,Viseu,Moimenta da Beira,25
2019,Viseu,Mortágua,9
2019,Viseu,Nelas,46
2019,Viseu,Oliveira de Frades,10
2019,Viseu,Penalva do Castelo,20
2019,Viseu,Penedono,31
2019,Viseu,Resende,37
2019,Viseu,Santa Comba Dão,10
2019,Viseu,Sernancelhe,49
2019,Viseu,Sátão,26
2019,Viseu,São João da Pesqueira,38
2019,Viseu,São Pedro do Sul,17
2019,Viseu,Tabuaço,14
2019,Viseu,Tarouca,27
2019,Viseu,Tondela,24
2019,Viseu,Vila Nova de Paiva,34
2019,Viseu,Viseu,77
2019,Viseu,Vouzela,17
2019,Évora,Alandroal,15
2019,Évora,Arraiolos,13
2019,Évora,Borba,8
2019,Évora,Estremoz,35
2019,Évora,Montemor-o-Novo,33
2019,Évora,Mora,15
2019,Évora,Mourão,16
2019,Évora,Portel,19
2019,Évora,Redondo,19
2019,Évora,Reguengos de Monsaraz,29
2019,Évora,Vendas Novas,7
2019,Évora,Viana do Alentejo,9
2019,Évora,Vila Viçosa,12
2019,Évora,Évora,82
2020,Aveiro,Albergaria-a-Velha,55
2020,Aveiro,Anadia,16
2020,Aveiro,Arouca,51
2020,Aveiro,Aveiro,50
2020,Aveiro,Castelo de Paiva,29
2020,Aveiro,Espinho,10
2020,Aveiro,Estarreja,20
2020,Aveiro,Mealhada,13
2020,Aveiro,Murtosa,11
2020,Aveiro,Oliveira de Azeméis,59
2020,Aveiro,Oliveira do Bairro,42
2020,Aveiro,Ovar,42
2020,Aveiro,Santa Maria da Feira,124
2020,Aveiro,Sever do Vouga,30
2020,Aveiro,São João da Madeira,4
2020,Aveiro,Vagos,8
2020,Aveiro,Vale de Cambra,43
2020,Aveiro,Águeda,30
2020,Aveiro,Ílhavo,16
2020,Beja,Aljustrel,16
2020,Beja,Almodôvar,18
2020,Beja,Alvito,8
2020,Beja,Barrancos,1
2020,Beja,Beja,56
2020,Beja,Castro Verde,6
2020,Beja,Cuba,8
2020,Beja,Ferreira do Alentejo,15
2020,Beja,Moura,19
2020,Beja,Mértola,18
2020,Beja,Odemira,39
2020,Beja,Ourique,15
2020,Beja,Serpa,16
2020,Beja,Vidigueira,12
2020,Braga,Amares,18
2020,Braga,Barcelos,49
2020,Braga,Braga,70
2020,Braga,Cabeceiras de Basto,84
2020,Braga,Celorico de Basto,138
2020,Braga,Esposende,6
2020,Braga,Fafe,73
2020,Braga,Guimarães,95
2020,Braga,Póvoa de Lanhoso,72
2020,Braga,Terras de Bouro,34
2020,Braga,Vieira do Minho,52
2020,Braga,Vila Nova de Famalicão,65
2020,Braga,Vila Verde,196
2020,Braga,Vizela,17
2020,Bragança,Alfândega da Fé,21
2020,Bragança,Bragança,38
2020,Bragança,Carrazeda de Ansiães,11
2020,Bragança,Freixo de Espada à Cinta,9
2020,Bragança,Macedo de Cavaleiros,17
2020,Bragança,Miranda do Douro,9
2020,Bragança,Mirandela,42
2020,Bragança,Mogadouro,20
2020,Bragança,Torre de Moncorvo,18
2020,Bragança,Vila Flor,19
2020,Bragança,Vimioso,15
2020,Bragança,Vinhais,44
2020,Castelo Branco,Belmonte,11
2020,Castelo Branco,Castelo Branco,88
2020,Castelo Branco,Covilhã,57
2020,Castelo Branco,Fundão,43
2020,Castelo Branco,Idanha-a-Nova,28
2020,Castelo Branco,Oleiros,14
2020,Castelo Branco,Penamacor,16
2020,Castelo Branco,Proença-a-Nova,7
2020,Castelo Branco,Sertã,23
2020,Castelo Branco,Vila de Rei,5
2020,Castelo Branco,Vila Velha de Ródão,13
2020,Coimbra,Arganil,8
2020,Coimbra,Cantanhede,25
2020,Coimbra,Coimbra,48
2020,Coimbra,Condeixa-a-Nova,6
2020,Coimbra,Figueira da Foz,43
2020,Coimbra,Góis,13
2020,Coimbra,Lousã,7
2020,Coimbra,Mira,11
2020,Coimbra,Miranda do Corvo,7
2020,Coimbra,Montemor-o-Velho,12
2020,Coimbra,Oliveira do Hospital,6
2020,Coimbra,Pampilhosa da Serra,4
2020,Coimbra,Penacova,5
2020,Coimbra,Penela,8
2020,Coimbra,Soure,12
2020,Coimbra,Tábua,14
2020,Coimbra,Vila Nova de Poiares,1
2020,Faro,Albufeira,9
2020,Faro,Alcoutim,6
2020,Faro,Aljezur,11
2020,Faro,Castro Marim,11
2020,Faro,Faro,22
2020,Faro,lagoa,4
2020,Faro,Lagos,22
2020,Faro,Loulé,24
2020,Faro,Monchique,8
2020,Faro,Olhão,7
2020,Faro,Portimão,16
2020,Faro,Silves,25
2020,Faro,São Brás de Alportel,9
2020,Faro,Tavira,21
2020,Faro,Vila do Bispo,3
2020,Faro,Vila Real de Santo António,11
2020,Guarda,Aguiar da Beira,9
2020,Guarda,Almeida,18
2020,Guarda,Celorico da Beira,20
2020,Guarda,Figueira de Castelo Rodrigo,26
2020,Guarda,Fornos de Algodres,12
2020,Guarda,Gouveia,16
2020,Guarda,Guarda,45
2020,Guarda,Manteigas,4
2020,Guarda,mêda,32
2020,Guarda,Pinhel,31
2020,Guarda,Sabugal,30
2020,Guarda,Seia,14
2020,Guarda,Trancoso,14
2020,Guarda,Vila Nova de Foz Côa,29
2020,Leiria,Alcobaça,27
2020,Leiria,Alvaiázere,16
2020,Leiria,Ansião,6
2020,Leiria,Batalha,10
2020,Leiria,Bombarral,8
2020,Leiria,Caldas da Rainha,23
2020,Leiria,Castanheira de Pêra,2
2020,Leiria,Figueiró dos Vinhos,19
2020,Leiria,Leiria,84
2020,Leiria,Marinha Grande,3
2020,Leiria,Nazaré,12
2020,Leiria,Pedrógão Grande,4
2020,Leiria,Peniche,9
2020,Leiria,Pombal,62
2020,Leiria,Porto de Mós,19
2020,Leiria,Óbidos,49
2020,Lisboa,Alenquer,68
2020,Lisboa,Amadora,23
2020,Lisboa,Arruda dos Vinhos,36
2020,Lisboa,Azambuja,44
2020,Lisboa,Cadaval,9
2020,Lisboa,Cascais,15
2020,Lisboa,Lisboa,14
2020,Lisboa,Loures,42
2020,Lisboa,Lourinhã,14
2020,Lisboa,Mafra,81
2020,Lisboa,Odivelas,41
2020,Lisboa,Oeiras,14
2020,Lisboa,Sintra,105
2020,Lisboa,Sobral de Monte Agraço,7
2020,Lisboa,Torres Vedras,40
2020,Lisboa,Vila Franca de Xira,33
2020,Portalegre,Alter do Chão,10
2020,Portalegre,Arronches,5
2020,Portalegre,Avis,9
2020,Portalegre,Campo Maior,32
2020,Portalegre,Castelo de Vide,4
2020,Portalegre,Crato,11
2020,Portalegre,Elvas,33
2020,Portalegre,Fronteira,7
2020,Portalegre,Gavião,9
2020,Portalegre,Marvão,6
2020,Portalegre,Monforte,6
2020,Portalegre,Nisa,15
2020,Portalegre,Ponte de Sor,20
2020,Portalegre,Portalegre,19
2020,Portalegre,Sousel,3
2020,Porto,Amarante,146
2020,Porto,Baião,114
2020,Porto,Felgueiras,241
2020,Porto,Gondomar,157
2020,Porto,Lousada,151
2020,Porto,Maia,84
2020,Porto,Marco de Canaveses,118
2020,Porto,Matosinhos,36
2020,Porto,Paredes,481
2020,Porto,Paços de Ferreira,125
2020,Porto,Penafiel,171
2020,Porto,Póvoa de Varzim,41
2020,Porto,Santo Tirso,163
2020,Porto,Trofa,85
2020,Porto,Valongo,169
2020,Porto,Vila do Conde,49
2020,Porto,Vila Nova de Gaia,138
2020,Santarém,Abrantes,54
2020,Santarém,Alcanena,17
2020,Santarém,Almeirim,19
2020,Santarém,Alpiarça,14
2020,Santarém,Benavente,32
2020,Santarém,Cartaxo,18
2020,Santarém,Chamusca,12
2020,Santarém,Constância,7
2020,Santarém,Coruche,28
2020,Santarém,Entroncamento,3
2020,Santarém,Ferreira do Zêzere,16
2020,Santarém,Golegã,1
2020,Santarém,Mação,6
2020,Santarém,Ourém,97
2020,Santarém,Rio Maior,25
2020,Santarém,Salvaterra de Magos,41
2020,Santarém,Santarém,81
2020,Santarém,Sardoal,29
2020,Santarém,Tomar,51
2020,Santarém,Torres Novas,30
2020,Santarém,Vila Nova da Barquinha,5
2020,Setúbal,Alcochete,12
2020,Setúbal,Alcácer do Sal,20
2020,Setúbal,Almada,55
2020,Setúbal,Barreiro,15
2020,Setúbal,Grândola,19
2020,Setúbal,Moita,25
2020,Setúbal,Montijo,33
2020,Setúbal,Palmela,60
2020,Setúbal,Santiago do Cacém,15
2020,Setúbal,Seixal,28
2020,Setúbal,Sesimbra,12
2020,Setúbal,Setúbal,31
2020,Setúbal,Sines,13
2020,Viana do Castelo,Arcos de Valdevez,178
2020,Viana do Castelo,Caminha,14
2020,Viana do Castelo,Melgaço,18
2020,Viana do Castelo,Monção,44
2020,Viana do Castelo,Paredes de Coura,12
2020,Viana do Castelo,Ponte da Barca,94
2020,Viana do Castelo,Ponte de Lima,106
2020,Viana do Castelo,Valença,36
2020,Viana do Castelo,Viana do Castelo,90
2020,Viana do Castelo,Vila Nova de Cerveira,14
2020,Vila Real,Alijó,14
2020,Vila Real,Boticas,36
2020,Vila Real,Chaves,73
2020,Vila Real,Mesão Frio,8
2020,Vila Real,Mondim de Basto,25
2020,Vila Real,Montalegre,134
2020,Vila Real,Murça,24
2020,Vila Real,Peso da Régua,14
2020,Vila Real,Ribeira de Pena,29
2020,Vila Real,Sabrosa,4
2020,Vila Real,Santa Marta de Penaguião,7
2020,Vila Real,Valpaços,87
2020,Vila Real,Vila Pouca de Aguiar,66
2020,Vila Real,Vila Real,51
2020,Viseu,Armamar,12
2020,Viseu,Carregal do Sal,11
2020,Viseu,Castro Daire,57
2020,Viseu,Cinfães,94
2020,Viseu,Lamego,39
2020,Viseu,Mangualde,19
2020,Viseu,Moimenta da Beira,18
2020,Viseu,Mortágua,3
2020,Viseu,Nelas,20
2020,Viseu,Oliveira de Frades,24
2020,Viseu,Penalva do Castelo,12
2020,Viseu,Penedono,12
2020,Viseu,Resende,17
2020,Viseu,Santa Comba Dão,3
2020,Viseu,Sernancelhe,31
2020,Viseu,Sátão,25
2020,Viseu,São João da Pesqueira,15
2020,Viseu,São Pedro do Sul,10
2020,Viseu,Tabuaço,5
2020,Viseu,Tarouca,18
2020,Viseu,Tondela,19
2020,Viseu,Vila Nova de Paiva,28
2020,Viseu,Viseu,73
2020,Viseu,Vouzela,12
2020,Évora,Alandroal,10
2020,Évora,Arraiolos,10
2020,Évora,Borba,12
2020,Évora,Estremoz,27
2020,Évora,Montemor-o-Novo,13
2020,Évora,Mora,2
2020,Évora,Mourão,7
2020,Évora,Portel,6
2020,Évora,Redondo,14
2020,Évora,Reguengos de Monsaraz,23
2020,Évora,Vendas Novas,1
2020,Évora,Viana do Alentejo,5
2020,Évora,Vila Viçosa,9
2020,Évora,Évora,28
2021,Aveiro,Albergaria-a-Velha,36
2021,Aveiro,Anadia,14
2021,Aveiro,Arouca,78
2021,Aveiro,Aveiro,50
2021,Aveiro,Castelo de Paiva,37
2021,Aveiro,Espinho,10
2021,Aveiro,Estarreja,18
2021,Aveiro,Mealhada,10
2021,Aveiro,Murtosa,3
2021,Aveiro,Oliveira de Azeméis,40
2021,Aveiro,Oliveira do Bairro,22
2021,Aveiro,Ovar,27
2021,Aveiro,Santa Maria da Feira,202
2021,Aveiro,Sever do Vouga,19
2021,Aveiro,São João da Madeira,1
2021,Aveiro,Vagos,15
2021,Aveiro,Vale de Cambra,18
2021,Aveiro,Águeda,28
2021,Aveiro,Ílhavo,11
2021,Beja,Aljustrel,16
2021,Beja,Almodôvar,11
2021,Beja,Alvito,8
2021,Beja,Barrancos,1
2021,Beja,Beja,81
2021,Beja,Castro Verde,13
2021,Beja,Cuba,5
2021,Beja,Ferreira do Alentejo,21
2021,Beja,Moura,20
2021,Beja,Mértola,11
2021,Beja,Odemira,46
2021,Beja,Ourique,18
2021,Beja,Serpa,29
2021,Beja,Vidigueira,26
2021,Braga,Amares,12
2021,Braga,Barcelos,46
2021,Braga,Braga,43
2021,Braga,Cabeceiras de Basto,58
2021,Braga,Celorico de Basto,75
2021,Braga,Esposende,14
2021,Braga,Fafe,86
2021,Braga,Guimarães,75
2021,Braga,Póvoa de Lanhoso,68
2021,Braga,Terras de Bouro,24
2021,Braga,Vieira do Minho,95
2021,Braga,Vila Nova de Famalicão,59
2021,Braga,Vila Verde,66
2021,Braga,Vizela,19
2021,Bragança,Alfândega da Fé,6
2021,Bragança,Bragança,42
2021,Bragança,Carrazeda de Ansiães,22
2021,Bragança,Freixo de Espada à Cinta,22
2021,Bragança,Macedo de Cavaleiros,14
2021,Bragança,Miranda do Douro,6
2021,Bragança,Mirandela,36
2021,Bragança,Mogadouro,11
2021,Bragança,Torre de Moncorvo,20
2021,Bragança,Vila Flor,5
2021,Bragança,Vimioso,10
2021,Bragança,Vinhais,33
2021,Castelo Branco,Belmonte,12
2021,Castelo Branco,Castelo Branco,65
2021,Castelo Branco,Covilhã,45
2021,Castelo Branco,Fundão,45
2021,Castelo Branco,Idanha-a-Nova,26
2021,Castelo Branco,Oleiros,4
2021,Castelo Branco,Penamacor,6
2021,Castelo Branco,Proença-a-Nova,9
2021,Castelo Branco,Sertã,19
2021,Castelo Branco,Vila de Rei,4
2021,Castelo Branco,Vila Velha de Ródão,6
2021,Coimbra,Arganil,11
2021,Coimbra,Cantanhede,18
2021,Coimbra,Coimbra,28
2021,Coimbra,Condeixa-a-Nova,2
2021,Coimbra,Figueira da Foz,22
2021,Coimbra,Góis,7
2021,Coimbra,Lousã,5
2021,Coimbra,Mira,6
2021,Coimbra,Miranda do Corvo,8
2021,Coimbra,Montemor-o-Velho,13
2021,Coimbra,Oliveira do Hospital,8
2021,Coimbra,Pampilhosa da Serra,6
2021,Coimbra,Penacova,4
2021,Coimbra,Penela,6
2021,Coimbra,Soure,4
2021,Coimbra,Tábua,5
2021,Coimbra,Vila Nova de Poiares,2
2021,Faro,Albufeira,15
2021,Faro,Alcoutim,5
2021,Faro,Aljezur,17
2021,Faro,Castro Marim,16
2021,Faro,Faro,29
2021,Faro,lagoa,15
2021,Faro,Lagos,20
2021,Faro,Loulé,54
2021,Faro,Monchique,12
2021,Faro,Olhão,12
2021,Faro,Portimão,20
2021,Faro,Silves,40
2021,Faro,São Brás de Alportel,4
2021,Faro,Tavira,29
2021,Faro,Vila do Bispo,3
2021,Faro,Vila Real de Santo António,8
2021,Guarda,Aguiar da Beira,8
2021,Guarda,Almeida,13
2021,Guarda,Celorico da Beira,11
2021,Guarda,Figueira de Castelo Rodrigo,23
2021,Guarda,Fornos de Algodres,6
2021,Guarda,Gouveia,7
2021,Guarda,Guarda,28
2021,Guarda,Manteigas,3
2021,Guarda,mêda,15
2021,Guarda,Pinhel,17
2021,Guarda,Sabugal,27
2021,Guarda,Seia,15
2021,Guarda,Trancoso,15
2021,Guarda,Vila Nova de Foz Côa,29
2021,Leiria,Alcobaça,20
2021,Leiria,Alvaiázere,8
2021,Leiria,Ansião,14
2021,Leiria,Batalha,4
2021,Leiria,Bombarral,9
2021,Leiria,Caldas da Rainha,9
2021,Leiria,Castanheira de Pêra,2
2021,Leiria,Figueiró dos Vinhos,7
2021,Leiria,Leiria,48
2021,Leiria,Marinha Grande,13
2021,Leiria,Nazaré,2
2021,Leiria,Pedrógão Grande,3
2021,Leiria,Peniche,6
2021,Leiria,Pombal,36
2021,Leiria,Porto de Mós,9
2021,Leiria,Óbidos,11
2021,Lisboa,Alenquer,96
2021,Lisboa,Amadora,37
2021,Lisboa,Arruda dos Vinhos,25
2021,Lisboa,Azambuja,41
2021,Lisboa,Cadaval,21
2021,Lisboa,Cascais,40
2021,Lisboa,Lisboa,16
2021,Lisboa,Loures,56
2021,Lisboa,Lourinhã,29
2021,Lisboa,Mafra,79
2021,Lisboa,Odivelas,30
2021,Lisboa,Oeiras,17
2021,Lisboa,Sintra,109
2021,Lisboa,Sobral de Monte Agraço,27
2021,Lisboa,Torres Vedras,75
2021,Lisboa,Vila Franca de Xira,26
2021,Portalegre,Alter do Chão,13
2021,Portalegre,Arronches,10
2021,Portalegre,Avis,10
2021,Portalegre,Campo Maior,22
2021,Portalegre,Castelo de Vide,2
2021,Portalegre,Crato,6
2021,Portalegre,Elvas,35
2021,Portalegre,Fronteira,7
2021,Portalegre,Gavião,4
2021,Portalegre,Marvão,8
2021,Portalegre,Monforte,6
2021,Portalegre,Nisa,15
2021,Portalegre,Ponte de Sor,22
2021,Portalegre,Portalegre,26
2021,Portalegre,Sousel,7
2021,Porto,Amarante,130
2021,Porto,Baião,96
2021,Porto,Felgueiras,89
2021,Porto,Gondomar,108
2021,Porto,Lousada,84
2021,Porto,Maia,57
2021,Porto,Marco de Canaveses,96
2021,Porto,Matosinhos,24
2021,Porto,Paredes,138
2021,Porto,Paços de Ferreira,76
2021,Porto,Penafiel,122
2021,Porto,Porto,7
2021,Porto,Póvoa de Varzim,49
2021,Porto,Santo Tirso,82
2021,Porto,Trofa,60
2021,Porto,Valongo,16
2021,Porto,Vila do Conde,11
2021,Porto,Vila Nova de Gaia,114
2021,Santarém,Abrantes,37
2021,Santarém,Alcanena,11
2021,Santarém,Almeirim,26
2021,Santarém,Alpiarça,10
2021,Santarém,Benavente,41
2021,Santarém,Cartaxo,26
2021,Santarém,Chamusca,12
2021,Santarém,Constância,4
2021,Santarém,Coruche,26
2021,Santarém,Entroncamento,2
2021,Santarém,Ferreira do Zêzere,10
2021,Santarém,Golegã,2
2021,Santarém,Mação,5
2021,Santarém,Ourém,64
2021,Santarém,Rio Maior,15
2021,Santarém,Salvaterra de Magos,27
2021,Santarém,Santarém,72
2021,Santarém,Sardoal,13
2021,Santarém,Tomar,56
2021,Santarém,Torres Novas,23
2021,Santarém,Vila Nova da Barquinha,4
2021,Setúbal,Alcochete,13
2021,Setúbal,Alcácer do Sal,36
2021,Setúbal,Almada,70
2021,Setúbal,Barreiro,29
2021,Setúbal,Grândola,22
2021,Setúbal,Moita,33
2021,Setúbal,Montijo,55
2021,Setúbal,Palmela,86
2021,Setúbal,Santiago do Cacém,24
2021,Setúbal,Seixal,54
2021,Setúbal,Sesimbra,15
2021,Setúbal,Setúbal,47
2021,Setúbal,Sines,9
2021,Viana do Castelo,Arcos de Valdevez,133
2021,Viana do Castelo,Caminha,16
2021,Viana do Castelo,Melgaço,16
2021,Viana do Castelo,Monção,41
2021,Viana do Castelo,Paredes de Coura,39
2021,Viana do Castelo,Ponte da Barca,78
2021,Viana do Castelo,Ponte de Lima,87
2021,Viana do Castelo,Valença,55
2021,Viana do Castelo,Viana do Castelo,87
2021,Viana do Castelo,Vila Nova de Cerveira,11
2021,Vila Real,Alijó,20
2021,Vila Real,Boticas,47
2021,Vila Real,Chaves,46
2021,Vila Real,Mesão Frio,9
2021,Vila Real,Mondim de Basto,20
2021,Vila Real,Montalegre,191
2021,Vila Real,Murça,18
2021,Vila Real,Peso da Régua,11
2021,Vila Real,Ribeira de Pena,32
2021,Vila Real,Sabrosa,9
2021,Vila Real,Santa Marta de Penaguião,22
2021,Vila Real,Valpaços,54
2021,Vila Real,Vila Pouca de Aguiar,77
2021,Vila Real,Vila Real,60
2021,Viseu,Armamar,11
2021,Viseu,Carregal do Sal,10
2021,Viseu,Castro Daire,84
2021,Viseu,Cinfães,70
2021,Viseu,Lamego,36
2021,Viseu,Mangualde,17
2021,Viseu,Moimenta da Beira,12
2021,Viseu,Mortágua,2
2021,Viseu,Nelas,12
2021,Viseu,Oliveira de Frades,6
2021,Viseu,Penalva do Castelo,8
2021,Viseu,Penedono,21
2021,Viseu,Resende,28
2021,Viseu,Santa Comba Dão,4
2021,Viseu,Sernancelhe,13
2021,Viseu,Sátão,17
2021,Viseu,São João da Pesqueira,24
2021,Viseu,São Pedro do Sul,12
2021,Viseu,Tabuaço,7
2021,Viseu,Tarouca,13
2021,Viseu,Tondela,18
2021,Viseu,Vila Nova de Paiva,42
2021,Viseu,Viseu,52
2021,Viseu,Vouzela,8
2021,Évora,Alandroal,12
2021,Évora,Arraiolos,10
2021,Évora,Borba,14
2021,Évora,Estremoz,16
2021,Évora,Montemor-o-Novo,35
2021,Évora,Mora,7
2021,Évora,Mourão,10
2021,Évora,Portel,12
2021,Évora,Redondo,8
2021,Évora,Reguengos de Monsaraz,20
2021,Évora,Vendas Novas,7
2021,Évora,Viana do Alentejo,10
2021,Évora,Vila Viçosa,10
2021,Évora,Évora,42
2022,Aveiro,Albergaria-a-Velha,31
2022,Aveiro,Anadia,15
2022,Aveiro,Arouca,66
2022,Aveiro,Aveiro,43
2022,Aveiro,Castelo de Paiva,40
2022,Aveiro,Espinho,6
2022,Aveiro,Estarreja,20
2022,Aveiro,Mealhada,17
2022,Aveiro,Murtosa,2
2022,Aveiro,Oliveira de Azeméis,57
2022,Aveiro,Oliveira do Bairro,17
2022,Aveiro,Ovar,28
2022,Aveiro,Santa Maria da Feira,93
2022,Aveiro,Sever do Vouga,10
2022,Aveiro,São João da Madeira,2
2022,Aveiro,Vagos,20
2022,Aveiro,Vale de Cambra,27
2022,Aveiro,Águeda,22
2022,Aveiro,Ílhavo,9
2022,Beja,Aljustrel,10
2022,Beja,Almodôvar,10
2022,Beja,Alvito,3
2022,Beja,Beja,55
2022,Beja,Castro Verde,5
2022,Beja,Cuba,3
2022,Beja,Ferreira do Alentejo,20
2022,Beja,Moura,10
2022,Beja,Mértola,8
2022,Beja,Odemira,19
2022,Beja,Ourique,11
2022,Beja,Serpa,16
2022,Beja,Vidigueira,14
2022,Braga,Amares,14
2022,Braga,Barcelos,54
2022,Braga,Braga,40
2022,Braga,Cabeceiras de Basto,74
2022,Braga,Celorico de Basto,99
2022,Braga,Esposende,14
2022,Braga,Fafe,171
2022,Braga,Guimarães,77
2022,Braga,Póvoa de Lanhoso,102
2022,Braga,Terras de Bouro,34
2022,Braga,Vieira do Minho,73
2022,Braga,Vila Nova de Famalicão,85
2022,Braga,Vila Verde,125
2022,Braga,Vizela,16
2022,Bragança,Alfândega da Fé,7
2022,Bragança,Bragança,52
2022,Bragança,Carrazeda de Ansiães,28
2022,Bragança,Freixo de Espada à Cinta,14
2022,Bragança,Macedo de Cavaleiros,18
2022,Bragança,Miranda do Douro,12
2022,Bragança,Mirandela,36
2022,Bragança,Mogadouro,22
2022,Bragança,Torre de Moncorvo,22
2022,Bragança,Vila Flor,7
2022,Bragança,Vimioso,11
2022,Bragança,Vinhais,45
2022,Castelo Branco,Belmonte,13
2022,Castelo Branco,Castelo Branco,57
2022,Castelo Branco,Covilhã,70
2022,Castelo Branco,Fundão,49
2022,Castelo Branco,Idanha-a-Nova,18
2022,Castelo Branco,Oleiros,6
2022,Castelo Branco,Penamacor,6
2022,Castelo Branco,Proença-a-Nova,5
2022,Castelo Branco,Sertã,28
2022,Castelo Branco,Vila de Rei,5
2022,Castelo Branco,Vila Velha de Ródão,6
2022,Coimbra,Arganil,10
2022,Coimbra,Cantanhede,49
2022,Coimbra,Coimbra,75
2022,Coimbra,Condeixa-a-Nova,7
2022,Coimbra,Figueira da Foz,38
2022,Coimbra,Góis,5
2022,Coimbra,Lousã,35
2022,Coimbra,Mira,10
2022,Coimbra,Miranda do Corvo,5
2022,Coimbra,Montemor-o-Velho,25
2022,Coimbra,Oliveira do Hospital,25
2022,Coimbra,Pampilhosa da Serra,5
2022,Coimbra,Penacova,10
2022,Coimbra,Penela,9
2022,Coimbra,Soure,24
2022,Coimbra,Tábua,20
2022,Coimbra,Vila Nova de Poiares,3
2022,Faro,Albufeira,19
2022,Faro,Alcoutim,8
2022,Faro,Aljezur,5
2022,Faro,Castro Marim,6
2022,Faro,Faro,19
2022,Faro,lagoa,9
2022,Faro,Lagos,6
2022,Faro,Loulé,39
2022,Faro,Monchique,4
2022,Faro,Olhão,11
2022,Faro,Portimão,11
2022,Faro,Silves,24
2022,Faro,São Brás de Alportel,5
2022,Faro,Tavira,20
2022,Faro,Vila do Bispo,5
2022,Faro,Vila Real de Santo António,4
2022,Guarda,Aguiar da Beira,2
2022,Guarda,Almeida,13
2022,Guarda,Celorico da Beira,9
2022,Guarda,Figueira de Castelo Rodrigo,30
2022,Guarda,Fornos de Algodres,16
2022,Guarda,Gouveia,17
2022,Guarda,Guarda,45
2022,Guarda,Manteigas,2
2022,Guarda,mêda,15
2022,Guarda,Pinhel,23
2022,Guarda,Sabugal,31
2022,Guarda,Seia,32
2022,Guarda,Trancoso,17
2022,Guarda,Vila Nova de Foz Côa,11
2022,Leiria,Alcobaça,18
2022,Leiria,Alvaiázere,7
2022,Leiria,Ansião,8
2022,Leiria,Batalha,11
2022,Leiria,Bombarral,2
2022,Leiria,Caldas da Rainha,20
2022,Leiria,Castanheira de Pêra,7
2022,Leiria,Figueiró dos Vinhos,6
2022,Leiria,Leiria,76
2022,Leiria,Marinha Grande,24
2022,Leiria,Nazaré,1
2022,Leiria,Pedrógão Grande,1
2022,Leiria,Peniche,4
2022,Leiria,Pombal,77
2022,Leiria,Porto de Mós,17
2022,Leiria,Óbidos,8
2022,Lisboa,Alenquer,65
2022,Lisboa,Amadora,27
2022,Lisboa,Arruda dos Vinhos,13
2022,Lisboa,Azambuja,39
2022,Lisboa,Cadaval,15
2022,Lisboa,Cascais,26
2022,Lisboa,Lisboa,10
2022,Lisboa,Loures,24
2022,Lisboa,Lourinhã,13
2022,Lisboa,Mafra,42
2022,Lisboa,Odivelas,35
2022,Lisboa,Oeiras,17
2022,Lisboa,Sintra,104
2022,Lisboa,Sobral de Monte Agraço,13
2022,Lisboa,Torres Vedras,93
2022,Lisboa,Vila Franca de Xira,11
2022,Portalegre,Alter do Chão,9
2022,Portalegre,Arronches,3
2022,Portalegre,Avis,15
2022,Portalegre,Campo Maior,28
2022,Portalegre,Castelo de Vide,2
2022,Portalegre,Crato,4
2022,Portalegre,Elvas,42
2022,Portalegre,Fronteira,2
2022,Portalegre,Marvão,1
2022,Portalegre,Monforte,8
2022,Portalegre,Nisa,5
2022,Portalegre,Ponte de Sor,10
2022,Portalegre,Portalegre,11
2022,Portalegre,Sousel,5
2022,Porto,Amarante,162
2022,Porto,Baião,134
2022,Porto,Felgueiras,118
2022,Porto,Gondomar,182
2022,Porto,Lousada,71
2022,Porto,Maia,76
2022,Porto,Marco de Canaveses,146
2022,Porto,Matosinhos,33
2022,Porto,Paredes,182
2022,Porto,Paços de Ferreira,94
2022,Porto,Penafiel,391
2022,Porto,Porto,16
2022,Porto,Póvoa de Varzim,29
2022,Porto,Santo Tirso,162
2022,Porto,Trofa,120
2022,Porto,Valongo,44
2022,Porto,Vila do Conde,30
2022,Porto,Vila Nova de Gaia,161
2022,Santarém,Abrantes,47
2022,Santarém,Alcanena,15
2022,Santarém,Almeirim,15
2022,Santarém,Alpiarça,9
2022,Santarém,Benavente,28
2022,Santarém,Cartaxo,21
2022,Santarém,Chamusca,14
2022,Santarém,Constância,7
2022,Santarém,Coruche,23
2022,Santarém,Entroncamento,3
2022,Santarém,Ferreira do Zêzere,9
2022,Santarém,Golegã,2
2022,Santarém,Mação,9
2022,Santarém,Ourém,82
2022,Santarém,Rio Maior,22
2022,Santarém,Salvaterra de Magos,23
2022,Santarém,Santarém,57
2022,Santarém,Sardoal,16
2022,Santarém,Tomar,45
2022,Santarém,Torres Novas,29
2022,Santarém,Vila Nova da Barquinha,3
2022,Setúbal,Alcochete,16
2022,Setúbal,Alcácer do Sal,22
2022,Setúbal,Almada,48
2022,Setúbal,Barreiro,15
2022,Setúbal,Grândola,22
2022,Setúbal,Moita,16
2022,Setúbal,Montijo,29
2022,Setúbal,Palmela,66
2022,Setúbal,Santiago do Cacém,24
2022,Setúbal,Seixal,33
2022,Setúbal,Sesimbra,15
2022,Setúbal,Setúbal,19
2022,Setúbal,Sines,9
2022,Viana do Castelo,Arcos de Valdevez,208
2022,Viana do Castelo,Caminha,10
2022,Viana do Castelo,Melgaço,34
2022,Viana do Castelo,Monção,62
2022,Viana do Castelo,Paredes de Coura,46
2022,Viana do Castelo,Ponte da Barca,112
2022,Viana do Castelo,Ponte de Lima,79
2022,Viana do Castelo,Valença,64
2022,Viana do Castelo,Viana do Castelo,74
2022,Viana do Castelo,Vila Nova de Cerveira,15
2022,Vila Real,Alijó,16
2022,Vila Real,Boticas,56
2022,Vila Real,Chaves,102
2022,Vila Real,Mesão Frio,38
2022,Vila Real,Mondim de Basto,29
2022,Vila Real,Montalegre,178
2022,Vila Real,Murça,30
2022,Vila Real,Peso da Régua,18
2022,Vila Real,Ribeira de Pena,48
2022,Vila Real,Sabrosa,13
2022,Vila Real,Santa Marta de Penaguião,16
2022,Vila Real,Valpaços,85
2022,Vila Real,Vila Pouca de Aguiar,86
2022,Vila Real,Vila Real,79
2022,Viseu,Armamar,12
2022,Viseu,Carregal do Sal,8
2022,Viseu,Castro Daire,68
2022,Viseu,Cinfães,110
2022,Viseu,Lamego,34
2022,Viseu,Mangualde,29
2022,Viseu,Moimenta da Beira,25
2022,Viseu,Mortágua,4
2022,Viseu,Nelas,23
2022,Viseu,Oliveira de Frades,14
2022,Viseu,Penalva do Castelo,17
2022,Viseu,Penedono,4
2022,Viseu,Resende,36
2022,Viseu,Santa Comba Dão,2
2022,Viseu,Sernancelhe,13
2022,Viseu,Sátão,21
2022,Viseu,São João da Pesqueira,13
2022,Viseu,São Pedro do Sul,14
2022,Viseu,Tabuaço,5
2022,Viseu,Tarouca,18
2022,Viseu,Tondela,15
2022,Viseu,Vila Nova de Paiva,29
2022,Viseu,Viseu,72
2022,Viseu,Vouzela,5
2022,Évora,Alandroal,7
2022,Évora,Arraiolos,13
2022,Évora,Borba,10
2022,Évora,Estremoz,11
2022,Évora,Montemor-o-Novo,16
2022,Évora,Mora,2
2022,Évora,Mourão,18
2022,Évora,Portel,9
2022,Évora,Redondo,9
2022,Évora,Reguengos de Monsaraz,17
2022,Évora,Vendas Novas,1
2022,Évora,Viana do Alentejo,5
2022,Évora,Vila Viçosa,6
2022,Évora,Évora,37
